ID,target
0,-191.22490000000346
1,-141.55630000000264
2,-320.88829999999905
3,102.67349999999881
4,-702.324699999987
5,-463.5506999999922
6,66.98360000000041
7,833.4203000000145
8,-73.55389999999974
9,-36.18939999999942
10,-703.981999999987
11,820.7721000000143
12,-448.4702999999927
13,275.21009999999717
14,-402.3110999999945
15,256.75969999999603
16,-555.3682499999896
17,-513.7400999999907
18,1083.720300000013
19,-271.2704000000032
20,-517.3317999999906
21,1210.846500000002
22,455.7438000000076
23,2.942399999999984
24,-510.08769999999083
25,-239.27450000000394
26,759.7418000000138
27,1419.3986999999877
28,43.604700000000676
29,-404.5199999999945
30,234.74419999999608
31,-267.25740000000354
32,2125.067499999961
33,-419.5011999999938
34,-345.8524999999976
35,-343.8763999999976
36,881.9619000000151
37,-544.3953999999898
38,407.8141000000058
39,-377.54909999999575
40,-435.7891499999931
41,-473.6338999999918
42,-703.819599999987
43,71.33790000000043
44,-394.82989999999495
45,-352.57799999999713
46,410.0528000000057
47,-355.66599999999687
48,-591.5440799999889
49,687.3363000000128
50,-335.9663999999981
51,201.97549999999637
52,-390.0052999999951
53,72.25350000000037
54,-353.141099999997
55,548.58430000001
56,-608.9840999999885
57,400.3382000000053
58,330.17885000000143
59,-498.6607999999911
60,91.20249999999922
61,1013.8531000000163
62,-582.8935499999891
63,311.7885000000002
64,-593.8653333333222
65,329.4765000000015
66,-419.2628999999939
67,-622.4017499999883
68,-112.89250000000175
69,-616.7942499999883
70,-277.63180000000267
71,-152.86073333333616
72,-614.3132333333217
73,4.871799999999957
74,-480.8841999999916
75,-546.1858999999897
76,1302.1606999999954
77,72.90800000000038
78,997.0065000000159
79,-405.82169999999445
80,-533.2749999999903
81,-148.92640000000281
82,620.9493000000117
83,-502.346999999991
84,-380.0067999999955
85,775.4705000000141
86,534.9895000000099
87,-478.5965999999918
88,-632.9779999999881
89,-49.701899999999306
90,-195.78234000000356
91,-696.7696999999872
92,-390.17769999999507
93,-17.883000000000095
94,-431.70759999999353
95,75.79090000000011
96,170.76649999999674
97,157.27359999999706
98,-231.03140000000386
99,-563.2120999999895
100,261.84959999999626
101,-364.19019999999637
102,-464.37939999999224
103,403.3235000000054
104,-419.14664999999377
105,858.6782000000148
106,-439.3468999999932
107,-409.3676999999942
108,173.08299999999684
109,1381.7601999999902
110,134.40609999999762
111,799.7574000000144
112,919.1973000000155
113,-306.5270000000001
114,-480.99649999999167
115,-503.5253999999909
116,-186.54500000000334
117,-497.867099999991
118,-164.21526666666972
119,-396.46129999999476
120,-520.8697999999905
121,-622.7312499999882
122,168.25014999999684
123,378.9488000000042
124,536.3531000000099
125,-501.483399999991
126,-395.02769999999487
127,-132.24730000000244
128,-468.6120333333254
129,-704.4506999999869
130,1377.2782999999902
131,-467.27209999999207
132,14.110799999999983
133,128.14479999999762
134,94.12189999999904
135,271.7516999999971
136,1130.0915000000089
137,508.5792000000091
138,-471.04219999999196
139,696.775800000013
140,1989.7599999999645
141,-328.01789999999863
142,122.60619999999786
143,1815.1234999999701
144,300.3380999999994
145,-366.8025999999963
146,234.93919999999602
147,-394.86409999999483
148,2064.0543999999622
149,-302.89680000000044
150,-469.175399999992
151,-519.1874999999905
152,621.5487000000119
153,-425.1819999999937
154,-368.0476999999963
155,-464.076779999992
156,-642.2726999999879
157,1060.357400000015
158,-63.05669999999907
159,-325.9413999999988
160,745.3855000000135
161,-546.7997333333232
162,-555.6787999999896
163,-511.3199999999908
164,1419.5609999999876
165,58.04440000000077
166,212.96999999999633
167,376.74260000000436
168,-669.8454999999874
169,860.0009000000149
170,-608.7665999999884
171,-423.99379999999366
172,434.0676000000068
173,-571.3313999999915
174,-561.6904999999895
175,-232.27850000000385
176,-38.10209999999926
177,975.7693000000157
178,71.28180000000052
179,-425.2427999999936
180,-173.6313000000032
181,-334.3277999999981
182,-220.67310000000379
183,-373.5974999999958
184,1658.7763999999763
185,1445.8979999999863
186,15.467499999999948
187,718.5567000000132
188,155.24969999999706
189,-540.48234999999
190,233.96789999999615
191,356.36320000000313
192,1065.0844000000145
193,-306.36190000000016
194,756.7506000000137
195,390.45320000000476
196,-18.60159999999982
197,434.61970000000684
198,192.28224999999648
199,-643.0802499999879
200,1033.300000000016
201,56.41020000000024
202,-184.08460000000338
203,-468.0175999999921
204,-196.17720000000364
205,-703.3518999999872
206,-362.7799999999969
207,-77.66669999999999
208,-608.747733333322
209,379.7840000000045
210,-394.7393999999948
211,-436.0499999999932
212,-326.39379999999875
213,44.634400000000895
214,-661.024333333321
215,-185.7652000000034
216,220.36759999999626
217,-341.59476666666444
218,-534.3978999999902
219,-450.22439999999267
220,122.74979999999775
221,694.673000000013
222,-406.27469999999437
223,27.087500000000386
224,413.72980000000587
225,44.85730000000079
226,-548.7213999999898
227,102.05859999999862
228,1807.2335999999705
229,-451.8891999999926
230,117.03029999999792
231,-219.4800000000038
232,296.97554999999915
233,-59.61559999999899
234,-328.6418999999985
235,-625.6423999999881
236,-116.38880000000206
237,-700.900399999987
238,-416.5420166666606
239,1479.4222999999843
240,-636.677099999988
241,480.5353000000085
242,-236.9276500000039
243,43.72380000000085
244,-641.3051833333212
245,-473.31559999999183
246,-161.64570000000305
247,-330.84259999999847
248,-575.2800499999892
249,478.05300000000835
250,-535.28289999999
251,-104.22380000000139
252,-478.3074999999918
253,-172.82550000000325
254,-451.3918999999927
255,-605.8721666666554
256,-419.9810999999938
257,192.7908999999965
258,44.60400000000082
259,10.990999999999824
260,-530.7776999999903
261,523.8730000000097
262,1449.365799999986
263,-50.514599999999106
264,229.58449999999615
265,402.37980000000556
266,-361.50374999999656
267,-521.3311999999906
268,330.5170000000015
269,-514.4909999999907
270,518.9540000000095
271,-641.9815999999879
272,-704.0698999999869
273,-481.3400999999917
274,-526.6100333333236
275,-598.3728499999887
276,-459.45569999999225
277,315.8477000000005
278,-266.1658000000037
279,103.73049999999853
280,399.70020000000534
281,-613.5962999999884
282,-327.1756999999985
283,-83.65790000000035
284,-36.99369999999933
285,228.70639999999625
286,1290.903899999996
287,-621.3090999999883
288,-542.2271999999899
289,-660.6518333333211
290,-557.9034999999895
291,-445.0440999999928
292,-26.849099999999645
293,72.04580000000026
294,-385.3932999999953
295,584.5997000000109
296,-591.1059999999889
297,-349.55719999999735
298,-341.7658999999977
299,-105.74130000000157
300,114.75689999999813
301,782.3185000000142
302,-698.661899999987
303,-50.52099999999949
304,-70.21103333333318
305,-147.16320000000263
306,851.067800000015
307,14.389900000000088
308,-557.7221999999897
309,130.97339999999758
310,-567.9179999999894
311,261.2022999999962
312,-114.59130000000182
313,-639.596899999988
314,-622.9583666666549
315,142.75799999999742
316,217.64379999999628
317,-643.3638999999879
318,-466.98019999999207
319,1266.1002999999978
320,-396.14399999999483
321,424.82350000000633
322,337.40790000000186
323,-327.41979999999865
324,269.54894999999664
325,766.3900000000139
326,349.16070000000275
327,316.9230000000005
328,-157.84860000000305
329,-43.718833333332555
330,-656.4228999999877
331,-344.2117999999975
332,917.4901000000152
333,1047.589300000016
334,-77.98880000000005
335,398.1116000000051
336,176.7669999999968
337,-128.2557000000023
338,-665.0819999999875
339,-422.39429999999373
340,289.09409999999843
341,248.7350999999961
342,755.1561000000139
343,-475.68089999999177
344,-671.7915999999874
345,-333.88569999999817
346,-298.36960000000084
347,451.51390000000737
348,-382.1727999999953
349,213.15139999999633
350,-682.3623999999874
351,42.415400000000744
352,1716.561399999974
353,317.10300000000063
354,109.82669999999833
355,-560.9026999999895
356,-497.29359999999116
357,-392.73309999999503
358,-447.3642999999928
359,-447.38969999999273
360,-541.04639999999
361,217.19109999999623
362,996.0279000000158
363,-27.328899999999646
364,-426.23516666666035
365,-124.02520000000213
366,-0.23869999999998992
367,-147.62600000000282
368,-659.7303499999877
369,-118.71400000000213
370,-605.8338999999886
371,-556.6210999999896
372,-446.2790999999928
373,88.45679999999919
374,1434.1330999999868
375,-180.34016666666992
376,-404.0603999999945
377,-436.8236999999931
378,630.837000000012
379,387.0772000000046
380,1294.5081999999954
381,-515.2704999999908
382,75.65139999999995
383,-476.94953333332523
384,620.5236000000117
385,1004.380500000016
386,-381.47149999999556
387,-703.111699999987
388,-530.2274999999903
389,-134.98740000000245
390,182.66109999999657
391,-23.2595999999997
392,-123.69620000000222
393,-345.03159999999747
394,757.7227000000137
395,74.46749999999994
396,-268.7894000000033
397,-526.5834999999903
398,329.42770000000127
399,-514.9112999999905
400,-505.261899999991
401,404.6480000000057
402,46.935100000000865
403,-567.5370499999894
404,-410.37889999999425
405,461.74260000000777
406,709.940400000013
407,-463.16074999999216
408,-628.6058999999881
409,-436.7946999999931
410,463.97330000000784
411,-508.0681999999908
412,-474.3686999999918
413,382.82840000000454
414,-585.012999999989
415,-457.9787999999923
416,519.8657000000093
417,621.3693000000117
418,944.1432000000159
419,42.009800000000816
420,409.15000000000566
421,-703.7368999999869
422,-700.063899999987
423,378.57660000000436
424,-607.7822666666551
425,-367.5435666666629
426,431.4104000000067
427,268.37099999999657
428,-523.6088666666571
429,-701.944099999987
430,-331.3982999999984
431,339.32570000000214
432,-325.20799999999883
433,551.0848000000103
434,570.3206000000107
435,-523.9990999999904
436,1495.5002999999838
437,-563.7117999999895
438,-576.6258999999892
439,10.51110000000009
440,784.8923000000141
441,-635.915799999988
442,651.4276000000123
443,-230.65740000000392
444,1012.7771000000163
445,721.6859000000134
446,104.85489999999848
447,-702.439399999987
448,-229.52810000000395
449,-703.155899999987
450,428.1623000000063
451,-356.33869999999695
452,-636.178399999988
453,-133.64490000000225
454,-631.5264999999881
455,-392.6071333333283
456,-588.8725999999889
457,-60.99089999999918
458,-472.1527999999918
459,-428.56109999999353
460,-629.9094999999882
461,1332.430399999993
462,-612.5284833333219
463,-442.92413333332627
464,108.49549999999826
465,1221.564700000001
466,-450.43079999999264
467,-402.6426999999945
468,-604.7766999999886
469,-648.5081666666546
470,-153.6435000000029
471,142.5636999999973
472,-468.425599999992
473,-385.2673999999954
474,-438.933299999993
475,871.8105000000148
476,-58.4532999999991
477,45.434633333333906
478,-251.21590000000407
479,-618.8153666666551
480,-459.4054999999924
481,200.94939999999642
482,92.44844999999917
483,-483.1953999999917
484,-299.68820000000073
485,-562.5198333333227
486,-214.44630000000376
487,894.7119000000151
488,328.8497000000015
489,2.1832999999998948
490,-213.07540000000367
491,-157.61800000000287
492,-567.9555999999894
493,1219.1411000000012
494,248.77919999999602
495,39.289100000000666
496,842.1866000000148
497,975.3348000000158
498,472.54070000000786
499,443.39720000000716
500,-499.1458999999912
501,-670.9251999999873
502,220.1413999999962
503,-436.97539999999316
504,-617.3281999999883
505,-311.1287999999998
506,-620.8056999999884
507,1419.3828999999873
508,-469.715999999992
509,1265.7046999999977
510,-397.0272999999946
511,-641.6869999999878
512,-467.863799999992
513,-394.7355999999951
514,293.0984999999988
515,503.22160000000906
516,-531.7537999999903
517,-477.92999999999165
518,-232.9924000000039
519,-695.9125999999872
520,41.00005000000073
521,857.5254000000148
522,-516.7907333333239
523,249.382399999996
524,-302.6393000000006
525,-425.67199999999355
526,67.90330000000057
527,481.2761000000082
528,-613.7918999999886
529,1100.932200000011
530,390.1685000000049
531,-360.96014999999664
532,-628.8836666666548
533,-385.88329999999524
534,-391.114099999995
535,46.37530000000085
536,-348.7994999999973
537,603.6242000000115
538,485.70130000000864
539,254.79379999999622
540,-433.1147999999932
541,-704.0138999999868
542,-216.28320000000372
543,-237.05980000000395
544,158.69639999999703
545,-579.279199999989
546,429.16486666667333
547,-462.46499999999224
548,44.87900000000088
549,-634.947149999988
550,-248.99930000000398
551,-313.1167999999997
552,-602.9293999999886
553,-228.92910000000384
554,-481.06739999999184
555,1217.7265000000011
556,580.2032000000111
557,-583.551999999989
558,676.1554000000127
559,71.49720000000038
560,-555.1089999999897
561,658.1476000000123
562,-246.33720000000403
563,-12.759999999999968
564,-363.31759999999656
565,1291.927599999996
566,-26.837749999999666
567,-650.9657499999878
568,1041.253200000016
569,-406.24729999999437
570,721.4486000000134
571,604.5399000000114
572,-339.6413999999978
573,698.661600000013
574,181.08509999999671
575,498.81820000000897
576,-349.1572999999973
577,-513.6999999999907
578,614.6381000000116
579,123.35159999999784
580,-191.83340000000348
581,-60.72619999999936
582,364.7035000000035
583,-21.816899999999794
584,328.6232000000014
585,-382.16689999999545
586,-477.528033333325
587,-548.7293999999898
588,-410.11439999999413
589,512.4128000000093
590,-635.1340499999881
591,788.0713000000143
592,-103.14930000000149
593,-285.9762000000017
594,-535.53204999999
595,348.77730000000275
596,-520.7024666666573
597,870.446000000015
598,1250.0718999999985
599,285.02759999999824
600,-330.1860999999985
601,1759.037799999972
602,-685.2775999999873
603,-345.0086999999976
604,-438.0085999999931
605,-431.46739999999335
606,229.85719999999614
607,-576.2662666666558
608,-406.5197999999943
609,1169.395700000005
610,-524.9516999999904
611,-325.9561999999988
612,-702.1426999999869
613,-176.5281000000033
614,-291.1417000000014
615,307.09139999999985
616,-336.834899999998
617,750.5934000000136
618,63.70910000000056
619,81.89659999999988
620,-105.58320000000155
621,-584.8893166666556
622,-650.8690666666547
623,1517.1866999999827
624,-704.1831999999869
625,-399.9810999999948
626,731.1520000000135
627,-338.69019999999773
628,1094.4719000000118
629,-303.6520000000004
630,326.7585000000012
631,389.58486666667113
632,4.706899999999856
633,-393.54847999999504
634,-562.8772333333228
635,-405.9462999999945
636,-589.777099999989
637,11.546899999999802
638,-516.5178666666573
639,777.1686000000143
640,-593.4459999999892
641,-483.2078999999916
642,-564.0940999999895
643,197.54524999999643
644,-74.78929999999976
645,878.7211285714436
646,-141.0698000000025
647,-492.41199999999134
648,709.0720000000131
649,414.76240000000587
650,86.99059999999936
651,-612.3354333333219
652,-635.1893333333212
653,876.4482000000149
654,-69.35079999999951
655,380.4366000000044
656,-427.20529999999343
657,728.7224000000134
658,372.1734000000039
659,-626.6811999999882
660,-436.3549999999931
661,515.6873000000089
662,696.256100000013
663,-173.63260000000315
664,-702.9506999999869
665,-507.36859999999086
666,-452.2287999999927
667,-231.29430000000383
668,43.0849000000008
669,-91.38860000000092
670,25.977750000000366
671,1254.1828999999984
672,-483.7059999999915
673,-371.28144999999597
674,-528.6422999999903
675,904.0818000000154
676,1059.563100000015
677,-30.98859999999944
678,-344.4887999999975
679,-358.1587999999968
680,-553.7760499999897
681,-428.66656666666023
682,-496.3532999999913
683,-532.2116999999902
684,-587.6233999999889
685,684.4632000000126
686,1448.712099999986
687,-591.1165999999888
688,-704.4583999999868
689,-401.9044999999945
690,-454.28349999999256
691,-423.7344999999938
692,1580.6234999999795
693,1347.467499999992
694,-113.6254000000018
695,985.589000000016
696,-704.4027999999869
697,310.1686000000005
698,-502.4339999999911
699,-384.6699999999954
700,219.7645999999962
701,1547.6902999999813
702,1968.1080999999654
703,885.6034000000151
704,77.02440000000003
705,-700.4036999999871
706,-402.97334999999447
707,-675.0133999999874
708,-483.90639999999155
709,-409.15409999999423
710,245.62889999999598
711,202.58139999999645
712,751.2533000000136
713,243.80679999999606
714,-464.46509999999216
715,2.8114999999999073
716,-421.3491666666605
717,-523.5942999999905
718,-483.98389999999154
719,249.28674999999603
720,-410.80279999999414
721,-374.79599999999584
722,-510.01513333332406
723,-175.58570000000327
724,-647.0844666666543
725,-466.8879999999922
726,-562.6111999999896
727,-479.4022999999917
728,-251.71820000000406
729,800.7559000000143
730,-22.551199999999834
731,-704.1358999999869
732,-260.95680000000414
733,333.9120000000018
734,72.85600000000035
735,687.337400000013
736,693.0781000000129
737,-237.0138000000039
738,-113.5691000000019
739,-444.0535999999929
740,25.602800000000286
741,1062.990500000015
742,1082.319400000013
743,-342.82526666666433
744,-398.05809999999474
745,-181.65980000000334
746,-563.9876666666562
747,-278.2555000000025
748,-452.0457999999926
749,479.3435000000084
750,-604.7419999999886
751,-309.043
752,-550.5015999999898
753,1357.0695999999914
754,-369.60984999999613
755,-553.2836666666564
756,590.7248000000111
757,460.1659000000075
758,1287.3514999999961
759,227.1447999999961
760,-325.8464999999988
761,-443.71999999999287
762,115.69129999999832
763,856.5072000000149
764,315.04170000000056
765,-173.44420000000326
766,278.5634999999975
767,-449.3486999999926
768,-484.5169999999915
769,102.13309999999865
770,-600.2248999999887
771,1298.6384999999955
772,390.6747000000045
773,1253.9248999999986
774,-498.01759999999115
775,-450.04169999999266
776,432.9003000000066
777,-539.0630999999901
778,229.25799999999617
779,-472.59853999999194
780,302.10139999999956
781,-397.56681666666145
782,581.8830000000108
783,-458.30717499999236
784,-528.2268999999903
785,-142.49980000000264
786,1287.4581999999962
787,-450.92223333332595
788,535.4211000000099
789,348.7728000000027
790,-39.17569999999929
791,1201.9877000000022
792,-389.58086666666173
793,-512.2525999999907
794,730.2832000000135
795,-703.2077999999868
796,77.77919999999986
797,-427.4934999999935
798,-411.0788999999942
799,-144.30713333333603
800,-294.4580000000011
801,1148.8852000000068
802,-271.7670000000031
803,999.447300000016
804,-462.0634999999922
805,-366.94216666666296
806,933.7415000000155
807,152.0216999999972
808,-9.503400000000086
809,784.1049000000139
810,464.9528000000079
811,-213.71700000000374
812,-422.5876999999935
813,-25.1180999999996
814,-436.1526999999933
815,153.73679999999717
816,229.78679999999613
817,-32.713199999999375
818,-703.6360999999868
819,-341.02133999999785
820,732.0423000000136
821,-452.3604999999926
822,-470.401799999992
823,-119.45100000000198
824,-202.9050000000036
825,-698.902099999987
826,-397.8373999999947
827,-181.10860000000338
828,331.53080000000165
829,-447.6944999999928
830,383.1016000000046
831,-614.3430333333218
832,1209.6032000000018
833,-391.1029999999951
834,-450.87689999999276
835,393.72105000000505
836,514.8249000000093
837,308.28154999999975
838,-509.2432999999908
839,-218.09220000000383
840,-200.7950000000036
841,459.2013000000078
842,-473.50709999999196
843,-560.1818999999896
844,1024.7349000000163
845,191.88216666666318
846,-311.3674999999997
847,-404.55339999999444
848,-457.58919999999245
849,-429.99399999999343
850,239.14906666666275
851,972.999800000016
852,453.7122000000075
853,-558.6016399999896
854,-334.41139999999825
855,615.6590000000115
856,429.4824000000066
857,-441.63719999999296
858,48.56950000000073
859,161.33809999999698
860,126.63059999999776
861,119.35499999999794
862,-303.0134000000005
863,-8.958300000000119
864,-202.1666000000036
865,-409.81459999999424
866,586.4603000000111
867,-395.7330999999949
868,-101.0399000000014
869,1243.0407999999993
870,-418.69046666666054
871,-187.04700000000338
872,320.0446000000008
873,-5.855500000000092
874,-86.24890000000057
875,-390.04859999999513
876,-382.04836666666245
877,-453.77486666665925
878,96.23319999999882
879,222.1666999999963
880,-629.6405666666549
881,103.02239999999856
882,-336.48329999999817
883,602.4069000000115
884,775.3260285714425
885,847.4808000000148
886,952.9023000000155
887,550.24800000001
888,-41.221799999999284
889,-467.555099999992
890,583.806600000011
891,952.2034000000156
892,608.1153000000114
893,1113.29880000001
894,546.7507000000102
895,-540.1242999999901
896,-433.8936666666599
897,-357.6591999999969
898,329.92120000000125
899,-495.6162999999912
900,-384.08019999999544
901,-696.375999999987
902,-644.5440499999879
903,-402.1038999999945
904,-452.7066666666592
905,-491.8305999999913
906,1472.904699999985
907,-159.51260000000306
908,990.079300000016
909,-356.9182499999968
910,-627.6441999999882
911,-527.3992999999904
912,-438.1156999999931
913,-458.0711999999924
914,400.7468000000053
915,-594.0031999999889
916,448.66640000000734
917,178.61196666666336
918,186.64799999999656
919,-441.5937333333263
920,243.03029999999603
921,470.3296000000079
922,16.45769999999987
923,464.2079000000078
924,-441.98909999999296
925,1384.2685999999899
926,419.22920000000613
927,168.21939999999688
928,719.9403000000132
929,265.5904999999967
930,233.98554999999615
931,-225.37120000000382
932,-502.70299999999105
933,650.7984000000123
934,207.04914999999636
935,-415.9913999999941
936,362.4618000000037
937,-75.6491999999999
938,334.50340000000176
939,21.568300000000285
940,-523.2516999999904
941,839.8803000000146
942,496.74030000000874
943,-636.3225333333213
944,-307.5719
945,-531.5631999999903
946,-637.217449999988
947,-515.130133333324
948,983.607100000016
949,-91.4662000000009
950,-406.3021999999945
951,1237.3121999999994
952,-433.82669999999337
953,448.78560000000726
954,824.9084000000146
955,-369.5711999999961
956,-645.6884499999879
957,-303.3484000000004
958,-556.5025999999896
959,148.82289999999725
960,-369.5273999999962
961,-148.4508333333361
962,-698.847599999987
963,-269.11126666667
964,97.21249999999873
965,775.3361000000139
966,114.95019999999803
967,272.82329999999695
968,1328.2261999999932
969,422.8282000000063
970,-332.916899999998
971,-613.0707999999884
972,452.04870000000744
973,1403.6369999999883
974,-459.55089999999234
975,457.47746666667445
976,-398.0613999999947
977,-481.93089999999165
978,443.69290000000694
979,-546.7463999999898
980,-397.6317399999947
981,-222.8903000000038
982,1023.4339000000161
983,-380.7540166666621
984,755.673700000014
985,-610.5129666666555
986,967.7413000000158
987,1120.0596000000094
988,-386.2070999999952
989,527.4543000000094
990,-597.3789999999888
991,-514.9734499999906
992,1.2371999999999468
993,117.02549999999799
994,1196.271800000003
995,561.1618000000105
996,-451.8830399999926
997,-472.1111999999919
998,432.8193000000066
999,-450.1690333333261
1000,-533.7717999999902
1001,412.9647000000059
1002,300.0058999999993
1003,-313.5193999999997
1004,10.397499999999955
1005,-376.66239999999584
1006,-433.5737999999933
1007,137.24709999999752
1008,235.39199999999624
1009,-545.3025999999898
1010,-581.2732999999896
1011,-476.2964583333252
1012,874.8611000000152
1013,-352.2571999999971
1014,-330.82409166666514
1015,871.3474000000149
1016,-467.259599999992
1017,-600.9954666666553
1018,-454.959433333326
1019,-74.35879999999999
1020,-347.13129999999745
1021,688.4805000000127
1022,-605.1365999999887
1023,-141.6572000000026
1024,598.7570000000112
1025,937.4375000000157
1026,334.65360000000175
1027,-514.3635999999907
1028,-250.46170000000402
1029,-530.2493999999903
1030,757.8961000000138
1031,-55.042999999999054
1032,774.1864000000139
1033,-391.93419999999503
1034,-366.22349999999625
1035,283.3699999999981
1036,-412.1497999999941
1037,-689.5239999999873
1038,962.8491000000158
1039,-306.9476400000001
1040,-391.32179999999505
1041,2.8316999999999113
1042,-183.10810000000333
1043,-102.20970000000129
1044,610.2054000000114
1045,205.85409999999632
1046,242.26269999999604
1047,-254.539000000004
1048,-437.7670999999932
1049,-627.4537999999882
1050,-572.9008333333227
1051,-425.76259999999354
1052,54.218400000000976
1053,-538.1664999999902
1054,244.421399999996
1055,-499.15959999999103
1056,-367.6830499999962
1057,-315.71409999999935
1058,-495.4331999999912
1059,-302.98780000000045
1060,-290.26040000000137
1061,388.3772000000047
1062,-417.3300666666606
1063,-438.3486999999931
1064,-464.72066666665876
1065,1467.289599999985
1066,-291.40810000000135
1067,1793.9787999999712
1068,-593.9947999999888
1069,-533.2013999999901
1070,-102.38973333333473
1071,-460.24163333332564
1072,221.0248999999963
1073,-627.4620999999883
1074,-28.96144999999954
1075,-28.808999999999507
1076,-479.9142999999916
1077,-322.15789999999896
1078,-359.0023999999968
1079,-443.434399999993
1080,-631.421699999988
1081,-259.8752000000039
1082,-130.41120000000245
1083,18.02289999999997
1084,-473.34629999999197
1085,-639.5001833333213
1086,-520.5627999999906
1087,62.922000000000345
1088,-646.1296666666547
1089,201.2921999999964
1090,-487.08326666665806
1091,757.8464000000138
1092,60.254100000000996
1093,-413.489299999994
1094,-420.66789999999384
1095,1333.2849999999928
1096,-392.6963999999949
1097,1094.0596000000119
1098,-90.90323333333414
1099,-312.7203999999996
1100,-299.9404000000007
1101,-461.7990999999923
1102,208.51719999999636
1103,-63.634499999999164
1104,-626.4523999999881
1105,-93.29710000000094
1106,1529.489199999982
1107,690.4707285714414
1108,-400.7117999999947
1109,1454.609399999986
1110,614.8444000000115
1111,-349.2453999999972
1112,-577.2960499999892
1113,-421.3126999999937
1114,-15.37040000000012
1115,525.8930000000097
1116,402.4426000000051
1117,1203.8773000000024
1118,-700.443199999987
1119,-436.2291399999932
1120,451.70170000000724
1121,-449.22319999999263
1122,-513.9471999999904
1123,-543.4702999999898
1124,644.215900000012
1125,197.26564999999647
1126,1347.845099999992
1127,-274.58820000000287
1128,547.8604000000103
1129,686.7761285714416
1130,79.7151999999998
1131,-300.90320000000077
1132,473.6660000000082
1133,-536.85139999999
1134,-549.6687999999899
1135,-347.37649999999746
1136,-36.27219999999918
1137,653.7719000000122
1138,1146.5717000000068
1139,-546.5069999999898
1140,1547.367599999981
1141,-448.3766999999927
1142,-231.24820000000392
1143,-652.2252999999879
1144,-151.14560000000276
1145,443.2094000000071
1146,-473.95739999999176
1147,-512.4014999999908
1148,-306.8524000000001
1149,-697.275899999987
1150,-545.71329999999
1151,-704.5033999999868
1152,-182.28510000000335
1153,-2.0269000000000226
1154,-435.5602999999933
1155,1112.08120000001
1156,-142.84060000000267
1157,-702.5211999999871
1158,-363.5267999999964
1159,-427.2033999999935
1160,-625.4126499999882
1161,-677.9549999999874
1162,-16.505900000000114
1163,-703.741999999987
1164,-227.4496666666705
1165,558.5454000000103
1166,103.62719999999857
1167,-483.43929999999153
1168,44.37130000000076
1169,1208.8496000000018
1170,-628.9559999999881
1171,734.0677000000135
1172,106.8846999999984
1173,229.6301499999961
1174,-444.7828999999927
1175,7.6536999999998745
1176,-465.7644999999922
1177,-598.5505999999889
1178,1281.5565333333295
1179,92.03829999999911
1180,-507.72119999999086
1181,415.71140000000617
1182,-218.54180000000378
1183,-633.2618999999879
1184,4.652099999999913
1185,-323.0098499999989
1186,868.1038000000148
1187,700.2631000000132
1188,870.8801000000151
1189,-446.8471999999929
1190,192.82789999999656
1191,1429.595699999987
1192,826.3451000000144
1193,568.5167000000104
1194,2.31000000000014
1195,-176.6367000000033
1196,-587.802699999989
1197,929.2343000000155
1198,60.12740000000099
1199,-519.8944999999906
1200,44.7154000000008
1201,-493.3751999999913
1202,-326.8410999999986
1203,189.2064999999967
1204,-403.9646999999945
1205,1426.5530999999878
1206,1043.2913285714446
1207,302.37869999999964
1208,-564.0604333333229
1209,-553.3638999999897
1210,-611.1123999999884
1211,-400.20069999999475
1212,-375.1843999999957
1213,567.6558000000107
1214,-472.8638499999919
1215,-610.097933333322
1216,-417.889199999994
1217,-583.7097999999891
1218,-633.0699666666549
1219,541.6978000000099
1220,-362.9838999999965
1221,-142.37150000000267
1222,544.5836000000102
1223,252.99814999999595
1224,-281.92540000000224
1225,741.2250000000136
1226,-631.9129666666547
1227,-472.9076666666586
1228,454.50490000000735
1229,-392.709699999995
1230,768.778300000014
1231,576.0546000000107
1232,-613.6046833333219
1233,233.97979999999612
1234,-220.2825000000038
1235,465.80942857143646
1236,1076.3682000000135
1237,128.96444999999753
1238,407.2435500000059
1239,-282.4128000000021
1240,-118.55260000000207
1241,-703.717399999987
1242,-242.47910000000394
1243,-482.06343333332495
1244,-411.56469999999416
1245,1301.7393999999952
1246,-613.9148499999885
1247,-281.58990000000216
1248,-631.1244999999883
1249,-442.809199999993
1250,144.97999999999732
1251,278.97419999999767
1252,-532.9509999999902
1253,-413.10329999999414
1254,-375.38789999999585
1255,-401.58469999999454
1256,258.7199999999962
1257,286.38249999999823
1258,417.36790000000593
1259,-572.3077999999894
1260,-491.9914999999913
1261,169.2232999999969
1262,-534.4416666666568
1263,432.78020000000663
1264,325.2562000000012
1265,1224.2150000000006
1266,282.94529999999787
1267,63.32200000000053
1268,-512.0390999999908
1269,-437.51909999999316
1270,-250.85285000000403
1271,641.1712000000122
1272,-520.4025999999906
1273,-541.1734999999901
1274,86.68229999999912
1275,-419.79619999999375
1276,1662.726999999976
1277,-30.897999999999378
1278,198.72909999999655
1279,608.2574000000116
1280,581.797300000011
1281,58.637500000000934
1282,543.22640000001
1283,-360.75843333333006
1284,954.6937000000156
1285,1107.7264000000105
1286,-702.455699999987
1287,22.63930000000027
1288,-134.25236666666922
1289,-223.6902000000038
1290,1148.136100000007
1291,656.9373000000123
1292,-447.0459999999927
1293,77.44289999999963
1294,232.9098999999961
1295,183.37969999999655
1296,-483.8082999999916
1297,-233.58820000000395
1298,-517.1766999999907
1299,-424.5808666666604
1300,31.594700000000536
1301,-438.9535999999931
1302,172.05689999999663
1303,-420.31939999999383
1304,-354.542799999997
1305,-35.66769999999933
1306,672.0427000000126
1307,-175.38860000000327
1308,34.2445000000006
1309,-475.6687399999918
1310,982.7701000000159
1311,-573.9168466666559
1312,-11.121800000000235
1313,404.0002000000054
1314,805.6000000000143
1315,292.6716999999988
1316,710.8934000000131
1317,1352.5805999999918
1318,-633.9604999999881
1319,-697.3720999999871
1320,-376.60879999999594
1321,-700.654899999987
1322,234.86154999999607
1323,655.6557000000122
1324,-530.2670399999903
1325,-645.4183999999879
1326,-429.9571999999936
1327,-453.0259333333259
1328,-22.22149999999983
1329,428.74950000000655
1330,98.07229999999869
1331,892.1476000000154
1332,-468.869399999992
1333,1126.6116000000088
1334,103.72519999999857
1335,-697.8381999999871
1336,-519.8379666666572
1337,1166.8836000000051
1338,-448.83539999999266
1339,91.99479999999903
1340,-540.1478666666568
1341,-400.44853999999475
1342,163.96983333333023
1343,-561.4235999999895
1344,478.1792000000081
1345,-516.5085666666573
1346,-492.09524666665794
1347,-423.2476999999937
1348,784.4500000000139
1349,240.35564999999605
1350,11.259099999999961
1351,-491.8903999999913
1352,217.6199999999962
1353,-364.2848999999965
1354,-19.174999999999923
1355,-275.09750000000275
1356,-482.52206666665825
1357,-353.0459999999971
1358,-704.2864999999869
1359,-315.35269999999946
1360,-466.0785333333254
1361,-469.95909999999213
1362,1336.6239999999927
1363,445.49880000000724
1364,-317.26969999999926
1365,175.8629999999967
1366,689.8470000000128
1367,714.8975000000133
1368,609.5723000000114
1369,-205.48470000000347
1370,-129.67340000000257
1371,317.1342000000007
1372,-369.9551999999961
1373,-581.6699333333225
1374,197.77834999999646
1375,-581.6813333333224
1376,-42.40179999999914
1377,-510.47599999999073
1378,385.2449500000047
1379,67.78530000000039
1380,397.1578666666719
1381,-442.064499999993
1382,-469.42379999999196
1383,-640.7918999999879
1384,438.08150000000694
1385,-41.46629999999927
1386,-637.7736333333214
1387,316.66740000000055
1388,-107.53040000000144
1389,-533.7170333333236
1390,676.1839000000128
1391,-454.7341499999925
1392,116.50759999999802
1393,1195.7509000000027
1394,850.5436000000149
1395,-399.6361999999947
1396,398.58310000000523
1397,-530.6520999999902
1398,-382.676766666662
1399,-333.4580999999981
1400,-444.1513999999928
1401,-583.5040333333227
1402,774.6973000000139
1403,222.95086666666285
1404,-474.1463499999919
1405,-492.9860999999913
1406,1516.4433999999826
1407,196.62479999999638
1408,-359.60779999999676
1409,-442.26646666665977
1410,-386.5628333333285
1411,-447.4257999999927
1412,-384.0214999999954
1413,-228.2857000000039
1414,68.30750000000074
1415,503.613100000009
1416,-568.0275999999893
1417,-165.59550000000306
1418,1204.2504000000024
1419,-120.5396000000022
1420,-381.36129999999554
1421,1219.0603000000012
1422,-566.9987999999893
1423,-442.35869999999295
1424,-49.99469999999922
1425,-438.99209999999294
1426,-154.96053333333626
1427,-421.1563999999938
1428,-238.25190000000393
1429,-362.2760999999965
1430,418.39810000000614
1431,-599.6804999999888
1432,318.57600000000076
1433,2030.7385999999635
1434,1170.1106000000052
1435,604.1798000000115
1436,99.93289999999874
1437,817.206828571443
1438,34.439000000000604
1439,-152.21550000000278
1440,-398.50799999999464
1441,-158.66870000000296
1442,-139.45290000000264
1443,176.56219999999684
1444,183.93769999999662
1445,393.93860000000507
1446,1547.474099999981
1447,-518.7522999999907
1448,868.128200000015
1449,295.7998999999992
1450,70.95130000000043
1451,678.8281000000127
1452,560.3209000000105
1453,-379.13749999999567
1454,-518.2619999999906
1455,-493.3788999999912
1456,-572.0595999999892
1457,1413.3463999999883
1458,-499.33639999999104
1459,-601.8769666666554
1460,-470.247299999992
1461,584.7577000000106
1462,151.47939999999704
1463,480.05480000000824
1464,-592.522099999989
1465,322.75330000000116
1466,696.8725000000129
1467,1409.0943999999884
1468,-488.6997999999914
1469,-51.2835999999992
1470,-462.9277999999923
1471,-370.2349499999963
1472,1245.761599999999
1473,-488.2434999999914
1474,1360.7939999999915
1475,158.27159999999716
1476,-579.8246499999892
1477,1.3486999999999774
1478,-246.83190000000394
1479,110.744866666665
1480,287.07349999999826
1481,1.3727999999999894
1482,-407.73789999999434
1483,85.97619999999938
1484,337.21965000000205
1485,-412.736299999994
1486,-254.61910000000407
1487,-233.872900000004
1488,854.7833000000148
1489,1139.4095000000075
1490,-541.15139999999
1491,1240.0561999999995
1492,26.64710000000044
1493,132.80879999999755
1494,38.90310000000066
1495,-446.8690999999927
1496,339.64190000000224
1497,-499.20429999999106
1498,-560.2894166666563
1499,183.59819999999672
1500,-552.6215999999897
1501,130.48939999999774
1502,-392.1510666666617
1503,-408.77009999999416
1504,21.856200000000165
1505,-591.1926999999889
1506,-582.6168999999891
1507,434.4923000000066
1508,-40.89739999999919
1509,-67.94529999999924
1510,55.54940000000094
1511,566.9139000000105
1512,832.8215000000146
1513,476.34720000000823
1514,-529.1288999999904
1515,1126.932800000009
1516,106.29269999999833
1517,-566.1202999999895
1518,-22.15369999999983
1519,548.0602000000101
1520,751.3044000000139
1521,-364.4444999999964
1522,-207.51650000000365
1523,-133.9214333333357
1524,-293.9700000000012
1525,-411.1171999999942
1526,-455.2788999999925
1527,-553.4595999999897
1528,-619.5815333333217
1529,-297.12130000000093
1530,103.42439999999854
1531,-697.8853999999869
1532,509.68332857143787
1533,-326.21629999999874
1534,-290.1620000000015
1535,962.8702000000158
1536,-451.0149999999926
1537,536.77260000001
1538,-556.3434299999898
1539,24.558700000000343
1540,-615.9266999999884
1541,-510.1582999999908
1542,-419.0701999999939
1543,-537.74394999999
1544,102.15069999999864
1545,-518.3565999999905
1546,-469.0750999999921
1547,1112.4025000000106
1548,-381.0345999999955
1549,-691.6927999999873
1550,-371.76309999999603
1551,-604.3122999999886
1552,-457.2045999999924
1553,262.03929999999616
1554,528.4462000000094
1555,-446.42562499999275
1556,78.11689999999992
1557,-477.5349999999918
1558,-486.7811666666582
1559,133.90209999999757
1560,1089.1977000000122
1561,523.9020000000097
1562,-33.16409999999949
1563,-515.3827999999907
1564,-531.857966666657
1565,-550.5069999999898
1566,-614.2569833333216
1567,-692.3521999999871
1568,-520.7778999999905
1569,-441.19149999999297
1570,317.2643000000006
1571,185.23379999999665
1572,62.412300000000734
1573,42.118500000000736
1574,-156.87353333333627
1575,-432.66339999999326
1576,-398.29439999999477
1577,-530.6997999999903
1578,-352.1360999999971
1579,259.3865999999964
1580,-388.8592999999953
1581,-518.3067999999905
1582,1151.140000000007
1583,352.76340000000295
1584,-450.2886999999926
1585,-503.478999999991
1586,-433.3975499999933
1587,624.6793000000117
1588,-567.1000499999893
1589,135.52779999999748
1590,1441.7407999999864
1591,1233.2237000000002
1592,-471.42479999999193
1593,1413.770599999988
1594,-381.79359999999554
1595,-537.59699999999
1596,-703.7053999999869
1597,250.256699999996
1598,246.79129999999608
1599,858.9198000000149
1600,-42.249099999999196
1601,-517.3164999999906
1602,1157.2288000000062
1603,300.2339999999994
1604,-578.9458999999891
1605,-100.07950000000127
1606,-501.68563333332423
1607,-460.7649999999923
1608,464.6623000000078
1609,1209.0272000000023
1610,-84.97270000000047
1611,-213.23213333333712
1612,-597.6787999999888
1613,1117.47280000001
1614,-46.609199999999134
1615,-538.0606499999901
1616,605.9249000000112
1617,-567.9530999999895
1618,-442.91589999999286
1619,106.22644999999845
1620,-596.7931999999888
1621,-403.8993999999945
1622,-512.1790499999908
1623,433.9156000000065
1624,-411.5758999999942
1625,-66.32923333333262
1626,-422.68421666666046
1627,360.84790000000334
1628,38.37470000000072
1629,625.6261000000118
1630,-704.294299999987
1631,-366.66469999999634
1632,392.1420000000048
1633,-495.0719333333245
1634,1006.5826000000163
1635,1720.4754999999736
1636,272.92699999999707
1637,-403.63139999999447
1638,423.0778000000063
1639,-434.30179999999325
1640,-443.90179999999293
1641,846.1676000000149
1642,503.5003500000089
1643,-488.78259999999136
1644,71.71410000000034
1645,250.39229999999597
1646,667.7397000000125
1647,28.752500000000452
1648,-472.0129999999919
1649,-445.78409999999275
1650,-48.54749999999918
1651,870.971300000015
1652,-222.2233000000038
1653,887.8384000000151
1654,769.8928000000138
1655,-398.39569999999475
1656,42.95145000000076
1657,538.0290000000099
1658,546.65170000001
1659,-492.74199999999126
1660,-574.0854999999893
1661,174.4380999999968
1662,2060.905299999963
1663,386.32160000000476
1664,875.8302000000151
1665,-394.7942999999949
1666,-507.21449999999084
1667,59.238600000000964
1668,265.9188999999965
1669,-101.65870000000135
1670,-632.4804333333215
1671,-236.57450000000395
1672,-685.7613666666555
1673,30.040400000000528
1674,400.55650000000537
1675,169.21169999999674
1676,-237.92780000000394
1677,-544.8414999999898
1678,-450.2700999999926
1679,-197.35790000000355
1680,-579.1459999999892
1681,-697.9364999999871
1682,-39.87949999999925
1683,-565.5042999999898
1684,399.87990000000525
1685,1374.1295999999904
1686,961.9414000000157
1687,564.1292000000105
1688,566.7012000000107
1689,-469.779099999992
1690,-563.6164999999894
1691,-507.398499999991
1692,-229.35920000000388
1693,-388.62869999999526
1694,77.99720000000005
1695,-400.9196999999946
1696,-479.30189999999175
1697,449.76350000000684
1698,-620.9498499999883
1699,-586.6798999999891
1700,-151.3985000000028
1701,672.2644000000125
1702,394.31860000000506
1703,-405.71699999999436
1704,340.1828000000022
1705,318.75350000000077
1706,713.1476000000132
1707,-405.0364999999945
1708,1317.9495999999942
1709,-357.88199999999676
1710,204.78729999999638
1711,-559.4739999999896
1712,-467.41769999999207
1713,-494.84079999999113
1714,-620.0032999999885
1715,1057.9813000000154
1716,1559.2120999999806
1717,-415.50649999999393
1718,204.1606999999964
1719,-380.6475999999956
1720,-553.7175999999897
1721,66.84960000000041
1722,695.1575000000129
1723,-656.5452999999878
1724,-563.4625333333228
1725,176.4607999999967
1726,-356.5780999999968
1727,-329.30629999999854
1728,-598.2211999999888
1729,-487.95129999999136
1730,197.2048999999965
1731,28.43070000000039
1732,-78.08890000000018
1733,835.2435285714433
1734,664.0970000000125
1735,-167.8982000000031
1736,-540.92259999999
1737,-126.1091333333356
1738,1540.3973999999812
1739,-212.33950000000374
1740,-638.403499999988
1741,365.60850000000374
1742,-429.38249999999334
1743,-20.964049999999922
1744,-624.5953999999882
1745,-364.7998499999964
1746,-673.3899999999874
1747,-289.13980000000146
1748,-608.6196333333218
1749,-543.7091333333233
1750,-492.2625999999914
1751,191.93289999999647
1752,240.3357999999961
1753,-641.016099999988
1754,72.83690000000038
1755,-613.6038999999885
1756,-690.4828999999872
1757,-299.5697000000009
1758,-452.2930999999925
1759,-306.74200000000013
1760,-265.8826000000035
1761,348.1796000000027
1762,-504.18319999999096
1763,1066.4880000000144
1764,279.0856999999977
1765,-686.1747999999873
1766,-313.29469999999964
1767,529.3686000000095
1768,-580.0641833333225
1769,-74.38149999999973
1770,-428.2890333333268
1771,-196.03578000000348
1772,-423.85289999999367
1773,281.18804999999776
1774,817.5530285714431
1775,444.8707000000071
1776,1101.5643000000111
1777,-222.20960000000377
1778,1020.7171000000164
1779,-675.0192666666541
1780,-578.3701999999892
1781,-698.148699999987
1782,-182.37580000000332
1783,-435.7846999999932
1784,23.650300000000247
1785,974.283000000016
1786,-413.38349999999417
1787,-362.31539999999643
1788,-704.4873999999869
1789,267.2426999999965
1790,62.848300000000656
1791,-323.09689999999887
1792,-430.5675999999934
1793,181.48139999999665
1794,-444.722699999993
1795,988.8362000000159
1796,-566.8288999999893
1797,-466.45199999999215
1798,1040.3113285714444
1799,-157.5005000000029
1800,-703.9792999999868
1801,-20.798099999999884
1802,143.74059999999733
1803,740.9216000000134
1804,-328.14539999999863
1805,383.62040000000445
1806,-70.31389999999969
1807,-494.03029999999126
1808,-88.65840000000084
1809,193.10214999999656
1810,571.9784000000107
1811,493.2468000000087
1812,-548.9026999999899
1813,-544.73154999999
1814,-454.1473666666592
1815,87.75959999999932
1816,-50.233899999999174
1817,-142.92890000000267
1818,-343.81159999999767
1819,-543.99089999999
1820,256.75749999999624
1821,-104.89540000000156
1822,128.11399999999773
1823,-704.4605999999869
1824,462.0815000000074
1825,754.7152000000136
1826,426.1937000000065
1827,-43.83459999999917
1828,-428.92859999999337
1829,673.4829000000126
1830,-557.3611999999896
1831,431.44785000000655
1832,-300.9161000000005
1833,1215.5803000000012
1834,-435.8778666666599
1835,1480.4992999999847
1836,1273.428499999997
1837,-361.29359999999605
1838,-641.8614999999879
1839,-490.0858999999915
1840,-513.5849999999907
1841,-284.77930000000185
1842,51.40530000000088
1843,-527.3017999999904
1844,-687.492799999987
1845,871.412000000015
1846,1921.4971999999666
1847,705.2011000000131
1848,699.1119000000128
1849,-487.16339999999127
1850,276.64559999999744
1851,237.18029999999607
1852,359.0273000000034
1853,-365.5786999999963
1854,-138.16420000000255
1855,-614.6491999999885
1856,1399.0103999999892
1857,-552.7294999999898
1858,-372.209199999996
1859,-406.0625999999945
1860,-6.795100000000135
1861,-21.948199999999737
1862,1194.7322000000033
1863,1248.9252285714276
1864,-393.327099999995
1865,-701.869099999987
1866,-593.5145666666555
1867,569.9890000000107
1868,352.3730000000029
1869,360.48620000000346
1870,-518.8567333333245
1871,436.5569000000067
1872,47.93910000000086
1873,79.90959999999978
1874,-30.215699999999533
1875,908.0814000000155
1876,161.22409999999695
1877,-537.2199499999903
1878,-612.4285999999884
1879,376.480766666671
1880,-685.2648999999872
1881,-176.0537500000033
1882,-390.8454999999951
1883,-591.3914999999888
1884,1891.3214999999673
1885,374.7232000000042
1886,-543.08949999999
1887,-429.22859999999355
1888,-589.3858333333221
1889,1291.7007999999958
1890,412.3235000000059
1891,-388.26429999999516
1892,523.4727000000097
1893,-702.041599999987
1894,-312.0295999999997
1895,-631.8598666666549
1896,-589.4448999999889
1897,-499.59606666665775
1898,-501.4776999999911
1899,-596.2941999999888
1900,404.23230000000547
1901,-423.2153999999937
1902,-534.3167999999902
1903,673.7390000000125
1904,-214.5523000000037
1905,-348.2282999999974
1906,-418.5302999999938
1907,-78.04990000000028
1908,433.95350000000644
1909,-546.9897333333232
1910,-478.8822999999917
1911,171.95439999999672
1912,-609.3748999999885
1913,-390.044299999995
1914,1075.8586000000137
1915,-637.244499999988
1916,936.9456000000155
1917,-250.00450000000396
1918,617.3958000000116
1919,-291.31010000000146
1920,-634.530599999988
1921,966.8704000000158
1922,-542.38089999999
1923,351.7932000000032
1924,-630.1890999999881
1925,-694.420399999987
1926,130.56969999999768
1927,-403.43099999999447
1928,-538.52889999999
1929,-543.8183999999899
1930,-6.751300000000116
1931,1707.6119999999744
1932,-432.7181999999933
1933,35.63460000000069
1934,-368.1085999999961
1935,-488.37206666665804
1936,937.9893000000156
1937,-452.31599999999264
1938,354.044600000003
1939,966.4875000000159
1940,732.2382000000135
1941,257.88409999999624
1942,1298.809199999995
1943,-267.09593333333675
1944,-342.57429999999766
1945,-110.59270000000174
1946,51.192700000000904
1947,1039.3553000000163
1948,-488.9227999999915
1949,279.18904999999756
1950,640.1214000000119
1951,386.3839000000047
1952,-403.6016999999946
1953,-296.4724000000009
1954,-15.46210000000013
1955,990.7793000000162
1956,-157.17600000000294
1957,-635.211299999988
1958,1299.0059999999953
1959,-468.80069999999205
1960,-327.7709999999986
1961,362.25260000000344
1962,755.3317000000139
1963,1422.2788999999877
1964,-254.80640000000403
1965,-84.97490000000053
1966,-398.0483999999947
1967,-440.1280999999931
1968,-16.33719999999995
1969,-250.922700000004
1970,-447.23809999999287
1971,665.8280000000125
1972,-219.55200000000372
1973,-484.84423999999154
1974,752.3381000000138
1975,-187.1295000000034
1976,-410.9369333333276
1977,-478.0378999999916
1978,-482.59689999999154
1979,796.9543000000142
1980,522.4172000000099
1981,-702.8451999999868
1982,14.990400000000033
1983,139.61639999999727
1984,453.84235000000746
1985,961.6766000000159
1986,273.55014999999713
1987,-1.707800000000097
1988,43.43900000000083
1989,-487.1947666666582
1990,-661.289933333321
1991,930.3781000000156
1992,-576.1228499999892
1993,-1.4710000000001653
1994,304.7902999999998
1995,-457.4783666666591
1996,-622.5798333333215
1997,-516.5337999999907
1998,-71.95459999999966
1999,797.9263000000142
2000,-439.7629999999931
2001,-451.43409999999255
2002,-59.336399999999095
2003,-177.8122000000033
2004,-553.3100999999897
2005,-360.5702999999968
2006,29.774900000000496
2007,-77.85280000000049
2008,21.354400000000293
2009,-703.3086999999871
2010,-401.23139999999466
2011,-39.43039999999927
2012,-443.7790999999929
2013,238.112599999996
2014,253.553299999996
2015,-613.3879333333218
2016,-696.7871999999871
2017,-165.6921000000031
2018,844.9432000000148
2019,-626.6790333333215
2020,-484.4274999999915
2021,719.4834000000133
2022,603.1286000000115
2023,17.84960000000004
2024,-216.75660000000371
2025,-330.90949999999845
2026,783.2965000000142
2027,-390.14639999999514
2028,207.32634999999635
2029,-521.1654999999905
2030,-579.0095666666559
2031,-563.6008999999893
2032,784.9737000000142
2033,-274.8145333333361
2034,253.2057666666626
2035,78.33349999999996
2036,452.45980000000753
2037,-557.9499666666563
2038,523.1350000000095
2039,169.66319999999675
2040,1359.2281999999914
2041,-346.89559999999744
2042,314.3283000000003
2043,100.35419999999864
2044,-479.6232999999917
2045,383.68120000000465
2046,-451.73229999999256
2047,1742.678099999973
2048,695.1047000000129
2049,-447.75909999999277
2050,-704.3833999999869
2051,561.9550000000104
2052,-644.9585166666545
2053,224.8632999999962
2054,-391.24179999999507
2055,-375.64849999999586
2056,692.274900000013
2057,200.19639999999632
2058,-98.9661000000013
2059,-470.18259166665865
2060,-382.45063333332865
2061,908.7112000000154
2062,68.2947000000004
2063,209.3495999999963
2064,-383.1629333333291
2065,-573.1289333333227
2066,-587.8014333333224
2067,-559.4864999999895
2068,1306.2200999999945
2069,-697.686699999987
2070,73.94250000000015
2071,134.59039999999754
2072,1250.4045999999987
2073,22.596300000000166
2074,950.3454000000158
2075,-396.1797499999949
2076,-479.02079999999177
2077,-484.14123999999146
2078,-579.3591333333225
2079,5.7808999999999156
2080,-377.0902999999958
2081,23.01140000000028
2082,-357.39039999999676
2083,316.84990000000073
2084,710.4668000000131
2085,1392.1225999999892
2086,1087.8300000000122
2087,-283.889200000002
2088,-641.410149999988
2089,366.53540000000373
2090,-471.3375399999921
2091,667.4210000000124
2092,-565.6086999999894
2093,934.6090000000156
2094,54.382200000000886
2095,-353.35429999999707
2096,799.0054000000143
2097,722.188628571442
2098,1882.1791999999684
2099,116.7480666666651
2100,485.10390000000854
2101,-700.684999999987
2102,-483.89479999999156
2103,-384.7962999999954
2104,48.2850000000009
2105,179.0448999999966
2106,137.0298999999975
2107,165.4766999999969
2108,-642.7170666666545
2109,818.4739000000144
2110,-37.1948999999993
2111,-426.37689999999327
2112,-474.5922999999918
2113,215.1032999999962
2114,-459.3652999999922
2115,72.84676666666658
2116,562.8711000000106
2117,-449.9452999999927
2118,730.4125000000133
2119,-135.1424500000025
2120,-433.9999999999933
2121,-532.7701999999902
2122,-503.3623399999909
2123,-505.0591999999909
2124,108.2670999999983
2125,-570.6203999999891
2126,-486.00609999999153
2127,933.7571000000155
2128,844.6764285714432
2129,-16.3615
2130,-614.6594499999885
2131,495.9123000000089
2132,221.27469999999624
2133,242.45009999999616
2134,-526.7787999999904
2135,342.16805000000227
2136,-481.6208999999916
2137,-391.86029999999505
2138,-580.5980499999891
2139,976.7629000000161
2140,-457.26479999999236
2141,-596.5731999999887
2142,736.9931000000136
2143,-417.86169999999385
2144,-444.29659999999285
2145,-236.1183000000039
2146,-496.2643999999912
2147,4.474399999999939
2148,129.75349999999767
2149,884.4690000000152
2150,-21.284799999999915
2151,822.9437285714432
2152,-699.918299999987
2153,-559.0652333333229
2154,1417.410199999988
2155,-103.68960000000152
2156,-330.56149999999843
2157,83.87939999999949
2158,-476.77503333332504
2159,-612.4285999999884
2160,-518.3992333333239
2161,-24.33959999999971
2162,-501.416199999991
2163,-555.7035333333231
2164,-593.7256799999889
2165,-399.95319999999475
2166,-261.7678000000039
2167,-460.65569999999224
2168,-364.23339999999644
2169,-423.8497999999936
2170,689.1962000000128
2171,41.469300000000786
2172,202.52319999999642
2173,-82.23000000000043
2174,-454.83849999999245
2175,-544.7453666666565
2176,-191.8819000000035
2177,383.124900000004
2178,-702.8112999999869
2179,-277.68290000000246
2180,-285.29660000000183
2181,-592.4495999999889
2182,426.00500000000636
2183,-616.3203999999884
2184,227.58969999999618
2185,-439.11089999999297
2186,-551.3824999999899
2187,24.24940000000036
2188,-453.9010999999926
2189,-484.64679999999163
2190,-490.97826666665804
2191,678.1643000000125
2192,142.31159999999744
2193,306.61869999999993
2194,1625.7667999999778
2195,-405.91249999999434
2196,-562.1400999999894
2197,-115.227900000002
2198,-537.0742999999902
2199,1494.4038999999839
2200,916.7029000000155
2201,-309.31659999999994
2202,478.12430000000813
2203,-539.86259999999
2204,-369.0168999999962
2205,-646.7732999999879
2206,-465.24859999999205
2207,-698.7535999999869
2208,-558.4608999999896
2209,573.8379000000104
2210,-538.8117799999901
2211,734.1363000000135
2212,71.13690000000057
2213,531.24150000001
2214,-427.79279999999346
2215,724.0766000000133
2216,-449.69179999999267
2217,139.36519999999751
2218,-396.63283999999487
2219,-497.8746999999911
2220,184.3369999999967
2221,862.8770000000147
2222,1384.1727999999894
2223,1195.8772000000029
2224,-373.073999999996
2225,-585.0680333333223
2226,-562.9918999999894
2227,-615.3744499999884
2228,-85.69990000000061
2229,-287.6734000000018
2230,-425.34009999999364
2231,297.90699999999924
2232,-367.8230833333296
2233,145.5978999999973
2234,-397.9654499999947
2235,-138.82050000000254
2236,510.8654000000091
2237,0.8891999999999337
2238,603.9435000000115
2239,-472.617799999992
2240,292.9371999999986
2241,-399.4886999999947
2242,190.09899999999652
2243,334.39520000000147
2244,240.69756666666268
2245,1163.6328000000058
2246,-618.6753999999883
2247,723.0140000000131
2248,-374.38929999999584
2249,-479.3272999999916
2250,-632.1309833333214
2251,320.981400000001
2252,356.3718000000031
2253,-628.8957999999882
2254,-537.0681333333235
2255,-297.82500000000084
2256,-318.8013999999992
2257,-402.57809999999455
2258,-49.93079999999938
2259,395.71000000000527
2260,-704.5999999999868
2261,-494.53649999999124
2262,813.8630000000145
2263,630.3755000000118
2264,-280.2961000000023
2265,767.1189000000138
2266,-704.2219999999868
2267,141.53829999999726
2268,-324.33723999999887
2269,-507.5654999999909
2270,-589.8370999999888
2271,-634.9052999999882
2272,733.5794000000134
2273,66.02940000000055
2274,-475.9041499999918
2275,350.4598000000028
2276,287.4525999999983
2277,649.4438000000122
2278,-704.4055999999869
2279,-122.63830000000219
2280,-535.1064999999902
2281,-575.8382666666564
2282,-270.1479500000033
2283,-13.17600000000014
2284,-424.9392333333268
2285,-431.3034999999933
2286,-27.18829999999968
2287,1044.6222000000157
2288,-283.41660000000206
2289,224.9296999999962
2290,-365.1649999999963
2291,61.349500000000674
2292,1120.5797000000098
2293,-439.8874999999931
2294,153.5806999999972
2295,-383.94239999999536
2296,41.09170000000072
2297,-168.23490000000328
2298,976.8370000000159
2299,-625.2468999999883
2300,-358.0270999999968
2301,19.454500000000195
2302,144.48269999999727
2303,288.28129999999845
2304,284.946099999998
2305,25.323700000000358
2306,-533.5674666666569
2307,-348.04339999999775
2308,-199.62040000000357
2309,330.18830000000145
2310,1042.9572000000155
2311,341.2056000000023
2312,-498.8015333333245
2313,-411.1246499999943
2314,-409.9259499999942
2315,900.4921000000152
2316,-121.90800000000215
2317,233.64969999999613
2318,-118.14750000000194
2319,1704.8173999999744
2320,1385.4460999999894
2321,-87.54310000000063
2322,-124.74980000000221
2323,-569.4593999999894
2324,-481.2636999999916
2325,-178.0956000000033
2326,-85.09230000000056
2327,-671.7407333333209
2328,200.34609999999648
2329,-161.70540000000307
2330,-447.8345083333261
2331,-657.6158999999877
2332,-129.08840000000225
2333,-501.411099999991
2334,-605.0904999999885
2335,-571.0487999999893
2336,-380.9434999999956
2337,-358.1888999999968
2338,-163.83625000000305
2339,171.14919999999682
2340,-369.5994499999962
2341,1551.638599999981
2342,-429.64589999999333
2343,-552.6982999999898
2344,-680.9649166666541
2345,-702.1419999999871
2346,-623.2833999999882
2347,1510.9158999999822
2348,575.8030000000106
2349,-515.6078999999907
2350,830.6221000000148
2351,-430.07189999999343
2352,753.8037000000137
2353,1091.621300000012
2354,-700.294099999987
2355,310.25420000000014
2356,577.0453000000109
2357,-322.2160333333323
2358,-625.0625999999886
2359,-470.061599999992
2360,256.32729999999634
2361,233.32396666666278
2362,-33.33569999999939
2363,-532.7426999999901
2364,-114.19840000000181
2365,-380.95929999999555
2366,-585.8605333333228
2367,-343.99939999999765
2368,-122.4978000000023
2369,298.55839999999927
2370,-473.86169999999186
2371,-695.3466999999871
2372,425.7612000000063
2373,-575.9732999999892
2374,-450.5660666666593
2375,-400.7931999999946
2376,182.01569999999677
2377,-143.6284333333361
2378,88.47209999999936
2379,-143.33080000000263
2380,-265.2518000000035
2381,519.4049000000097
2382,106.19239999999839
2383,7.665299999999978
2384,-557.3041999999896
2385,1569.3803999999802
2386,663.3901000000125
2387,-531.4309999999901
2388,-84.28690000000036
2389,1663.434299999976
2390,-674.8411999999873
2391,-459.26989999999233
2392,693.0356000000129
2393,-428.9623999999935
2394,77.29189999999994
2395,-559.9725999999895
2396,-606.0836999999884
2397,-195.3558000000035
2398,-447.1359999999928
2399,-659.1159999999876
2400,-447.5715999999928
2401,-198.38740000000354
2402,735.7257000000134
2403,-466.25029999999214
2404,1164.3509000000056
2405,-435.1253999999932
2406,-495.91939999999113
2407,-322.37159999999915
2408,-320.461799999999
2409,-210.02060000000364
2410,-320.0320999999993
2411,-209.2912500000037
2412,-569.1503999999893
2413,-439.9464999999931
2414,120.40679999999782
2415,300.6441999999993
2416,1128.5466000000085
2417,433.8122000000068
2418,9.782599999999888
2419,-266.4623000000036
2420,-80.7539000000003
2421,178.1544999999967
2422,-122.67700000000211
2423,405.58660000000594
2424,340.4037285714307
2425,-374.5219333333293
2426,-393.48709999999494
2427,1920.8432999999666
2428,-480.30309999999173
2429,-651.2290999999884
2430,-497.9425999999911
2431,-627.2986499999881
2432,-24.04809999999968
2433,-419.77329999999375
2434,654.8348000000124
2435,-434.7094999999931
2436,-703.9063999999869
2437,-483.3920999999917
2438,394.4524000000051
2439,-122.34683333333521
2440,483.9221000000084
2441,-348.59899999999726
2442,107.36769999999805
2443,130.99139999999753
2444,-389.5127999999952
2445,-578.7624999999891
2446,129.89439999999763
2447,-166.18353333333644
2448,4.894600000000056
2449,1177.1423000000045
2450,-379.1683999999957
2451,369.88640000000385
2452,355.87130000000303
2453,1299.8297999999954
2454,-704.0408999999869
2455,901.8813000000155
2456,484.61820000000836
2457,-510.99309999999076
2458,215.41654999999633
2459,-348.82533333333066
2460,-660.0708999999877
2461,-476.32009999999184
2462,362.0465000000034
2463,-360.66769999999667
2464,275.04014999999725
2465,-181.97860000000344
2466,-703.935499999987
2467,-226.6459000000038
2468,-624.0835999999882
2469,-430.14459999999343
2470,215.3793499999963
2471,-525.8904333333237
2472,1.8399999999999135
2473,-612.5456999999885
2474,-93.04990000000109
2475,-197.23530000000352
2476,-505.9877999999909
2477,-416.02073333332737
2478,-141.17730000000267
2479,-151.81160000000287
2480,2053.0998999999633
2481,1525.4230999999822
2482,114.54419999999816
2483,-637.4085999999879
2484,-160.54490000000303
2485,-545.2707499999899
2486,75.16550000000007
2487,669.1792000000125
2488,382.5617000000045
2489,-40.669999999999156
2490,-382.3632499999955
2491,-441.88343999999296
2492,-112.80920000000185
2493,-502.180799999991
2494,78.94429999999977
2495,-341.4092999999977
2496,154.50569999999712
2497,-550.4892999999897
2498,-175.09880000000325
2499,530.8810285714384
2500,-257.2648000000041
2501,-216.09060000000377
2502,-704.5233999999869
2503,577.0324000000107
2504,14.728599999999997
2505,-349.93719999999723
2506,133.1448999999975
2507,-412.5552999999942
2508,-703.7052999999868
2509,-402.1604999999946
2510,-64.0148999999991
2511,717.3415000000132
2512,-92.16860000000098
2513,-627.6834833333215
2514,773.0106000000138
2515,280.20939999999774
2516,-35.36759999999937
2517,-304.4936000000003
2518,-387.6827999999952
2519,410.84290000000584
2520,332.2945000000016
2521,-621.9301999999882
2522,-357.75959999999685
2523,-378.3925999999957
2524,496.4607285714375
2525,-525.7243999999903
2526,-374.21576666666215
2527,-413.7762999999941
2528,-628.7198499999881
2529,-188.57170000000337
2530,500.03890000000894
2531,72.50780000000037
2532,-378.71809999999573
2533,613.6971000000117
2534,-466.3897999999921
2535,868.134400000015
2536,-369.27939999999614
2537,-181.19600000000338
2538,-521.2457999999905
2539,543.9433000000101
2540,-381.07364999999555
2541,838.4999000000146
2542,-429.5271333333268
2543,-501.6067666666577
2544,-120.740200000002
2545,126.24669999999765
2546,-376.6904999999957
2547,3.6060999999999908
2548,-430.25389999999334
2549,769.296800000014
2550,276.09969999999737
2551,154.48239999999714
2552,-603.4864999999886
2553,479.5640000000084
2554,-337.095099999998
2555,1287.8395999999966
2556,799.1237000000143
2557,227.30599999999612
2558,-442.6022499999929
2559,1081.264200000013
2560,734.2377000000135
2561,816.0696000000145
2562,-577.0880999999891
2563,-50.963599999999296
2564,-244.724300000004
2565,330.66425000000135
2566,-552.4004999999898
2567,71.14220000000043
2568,210.7702999999962
2569,111.00019999999829
2570,1039.8277000000164
2571,-610.7147999999885
2572,317.5503000000007
2573,-33.90139999999938
2574,75.67880000000022
2575,-519.3166999999905
2576,-409.69369999999435
2577,112.47909999999816
2578,-552.8817999999898
2579,-394.65319999999485
2580,-585.0702999999891
2581,312.32550000000026
2582,-402.7877999999945
2583,-351.78749999999707
2584,-399.54459999999483
2585,-387.71044999999526
2586,408.76480000000566
2587,-498.3223999999911
2588,485.1654000000087
2589,355.101200000003
2590,237.9785999999961
2591,648.7254000000121
2592,-334.8221666666649
2593,-132.94920000000246
2594,-545.59159999999
2595,1627.7978999999773
2596,-394.024599999995
2597,-426.87359999999353
2598,-508.16519999999093
2599,-342.5335999999976
2600,-152.8500000000029
2601,-584.6118999999891
2602,1033.9983000000161
2603,-447.8877466666594
2604,645.604700000012
2605,-469.66909999999206
2606,-354.06669999999696
2607,-219.6682000000038
2608,8.991399999999876
2609,-277.09520000000254
2610,112.01239999999814
2611,-424.8144999999936
2612,395.3255000000051
2613,418.55370000000596
2614,328.48720000000145
2615,-436.78441666665975
2616,-653.0125499999876
2617,518.6625000000093
2618,987.969700000016
2619,25.509300000000344
2620,-370.2143999999961
2621,-640.635799999988
2622,-697.2739999999869
2623,846.0950000000148
2624,-544.0074333333233
2625,1026.4022000000164
2626,231.20189999999616
2627,381.47370000000444
2628,-441.515499999993
2629,141.09359999999728
2630,-522.4466999999904
2631,-381.50759999999553
2632,-586.8226333333223
2633,140.67149999999734
2634,746.8737000000136
2635,1072.1292000000142
2636,-435.55264999999326
2637,106.35249999999841
2638,897.3150000000154
2639,137.74419999999748
2640,-245.073400000004
2641,878.116500000015
2642,-142.1376500000027
2643,-658.9926666666544
2644,771.9544000000138
2645,-515.7326499999906
2646,-414.64129999999403
2647,1295.5596999999955
2648,-249.32470000000404
2649,-462.02619999999223
2650,458.6190000000076
2651,1434.2147999999868
2652,-204.44820000000365
2653,-247.82600000000403
2654,200.05699999999638
2655,-188.7741000000034
2656,-702.8191333333203
2657,33.583200000000474
2658,-430.5265999999933
2659,-525.6274999999904
2660,553.5651000000103
2661,-286.1325000000017
2662,-386.64079999999535
2663,-208.0579000000035
2664,60.331200000000706
2665,239.67914999999613
2666,46.16530000000076
2667,144.69579999999718
2668,661.3166000000123
2669,1160.1532000000059
2670,89.75099999999915
2671,-95.85590000000093
2672,-571.8623333333226
2673,-304.2983000000002
2674,323.38520000000085
2675,-467.62869999999214
2676,495.52730000000855
2677,939.3631000000156
2678,-352.611999999997
2679,-581.5203999999891
2680,-573.2397999999893
2681,505.2728000000093
2682,-431.0937999999934
2683,-257.290300000004
2684,390.88150000000496
2685,512.1188000000093
2686,189.24119999999658
2687,-611.0995333333219
2688,196.7762999999965
2689,-442.2013999999928
2690,-618.6824999999883
2691,267.2689999999968
2692,184.8590499999966
2693,461.1931000000077
2694,267.71629999999686
2695,-477.9330999999917
2696,349.5155000000028
2697,-303.6385000000004
2698,-581.5170499999891
2699,-193.48390000000347
2700,-260.816200000004
2701,-466.1727999999922
2702,-30.47099999999955
2703,-558.7473666666563
2704,-253.84410000000406
2705,-591.9913333333222
2706,1309.3334999999945
2707,-209.5779000000037
2708,659.7563000000124
2709,-155.81760000000293
2710,140.4552999999974
2711,-307.45709999999997
2712,881.4338000000153
2713,549.4783000000102
2714,-289.02780000000155
2715,-428.26729999999344
2716,-627.8825999999883
2717,-412.4543333333275
2718,-522.9103999999904
2719,329.91790000000157
2720,-342.36039999999775
2721,-4.208300000000078
2722,497.91980000000876
2723,-81.54920000000027
2724,-436.7989249999931
2725,-475.7494799999919
2726,442.67130000000697
2727,-254.90530000000408
2728,705.3967000000131
2729,-527.9896999999904
2730,1444.0970999999863
2731,-572.0184999999893
2732,58.57980000000089
2733,702.013600000013
2734,-632.4404999999881
2735,878.366700000015
2736,383.46710000000434
2737,199.94099999999654
2738,181.79866666666322
2739,-380.7436833333291
2740,-587.6657666666555
2741,-604.3690999999886
2742,2003.5953999999645
2743,-505.384399999991
2744,71.00790000000042
2745,-3.5125500000000613
2746,237.79079999999604
2747,240.975899999996
2748,-599.2515999999887
2749,-703.7926999999869
2750,-461.11633333332554
2751,541.40820000001
2752,-474.8686999999918
2753,239.34539999999615
2754,-565.9300333333227
2755,161.5438999999971
2756,-540.9212999999901
2757,-703.2161999999869
2758,-586.606699999989
2759,-558.0776999999896
2760,619.3004000000117
2761,327.7716000000014
2762,-312.5727999999998
2763,721.4981000000132
2764,-572.1288999999894
2765,48.09190000000079
2766,789.2675285714427
2767,1660.8381999999758
2768,63.21510000000088
2769,-483.3011999999916
2770,1049.8623000000157
2771,368.7881000000038
2772,28.400300000000414
2773,-699.386599999987
2774,-506.393699999991
2775,110.75669999999836
2776,712.7332000000131
2777,-649.9343999999879
2778,-556.3577999999897
2779,1040.234700000016
2780,-54.07309999999925
2781,361.1307000000032
2782,295.002499999999
2783,121.66919999999803
2784,-495.23209999999125
2785,-502.73959999999096
2786,-425.09249999999355
2787,773.579900000014
2788,430.25620000000646
2789,-31.237499999999507
2790,871.437700000015
2791,-48.94469999999907
2792,-431.86893999999336
2793,-434.1902999999933
2794,-230.5020000000039
2795,-482.4556999999916
2796,129.26219999999768
2797,-349.280999999997
2798,-431.26206666666
2799,-422.6365666666603
2800,-619.6574999999884
2801,706.9020000000131
2802,361.7015000000034
2803,619.1368000000115
2804,-373.132299999996
2805,-158.73710000000295
2806,239.61689999999598
2807,158.16579999999706
2808,-203.6630000000035
2809,304.0586999999995
2810,631.615700000012
2811,-467.22379999999214
2812,553.8542000000103
2813,-184.37770000000341
2814,-318.1375999999992
2815,-629.8416999999881
2816,959.1170000000159
2817,639.7618000000122
2818,7.757299999999889
2819,92.39409999999904
2820,-502.25719999999103
2821,393.465100000005
2822,307.43719999999996
2823,580.7137000000109
2824,42.17390000000079
2825,266.23709999999636
2826,-624.4377499999882
2827,386.58840000000475
2828,300.45049999999947
2829,-405.3913999999944
2830,-634.7853499999882
2831,-427.78769999999366
2832,-336.557599999998
2833,-68.06419999999949
2834,-601.8559499999886
2835,713.4951000000132
2836,-110.97040000000182
2837,-615.2286999999884
2838,-616.3186999999884
2839,-557.2983999999897
2840,54.64240000000094
2841,-276.71840000000265
2842,-453.0478999999926
2843,-471.9163999999919
2844,62.18840000000084
2845,571.9648000000109
2846,311.8428000000001
2847,221.46899999999633
2848,-580.624399999989
2849,-604.1020999999886
2850,5.8128999999999165
2851,107.4479499999984
2852,1313.7770999999943
2853,95.38399999999885
2854,-307.4998500000001
2855,442.83680000000714
2856,-18.323199999999897
2857,-702.2306999999869
2858,531.2835000000099
2859,-704.4668999999868
2860,174.84909999999678
2861,109.97919999999813
2862,-479.29269999999167
2863,1384.51249999999
2864,-652.7694999999878
2865,-486.9823999999915
2866,-480.30149999999173
2867,-262.0799000000037
2868,-685.7309166666539
2869,73.95520000000025
2870,-439.4367999999931
2871,338.9962000000021
2872,-461.8603333333257
2873,284.2813999999979
2874,177.36789999999678
2875,-222.44510000000372
2876,25.16070000000024
2877,306.4464999999997
2878,-329.6377999999985
2879,488.2839000000089
2880,70.20580000000052
2881,-315.1852999999994
2882,-618.3559999999883
2883,26.09030000000031
2884,250.7930999999961
2885,545.9278000000103
2886,-322.37429999999887
2887,-444.20294999999294
2888,-328.25509999999855
2889,-240.85123333333732
2890,-490.8299999999913
2891,373.8509000000042
2892,531.6344000000097
2893,386.23120000000455
2894,972.5700000000161
2895,-413.8689999999939
2896,-413.434599999994
2897,4.024499999999941
2898,-458.5615999999924
2899,-116.76890000000178
2900,-703.509399999987
2901,-425.75639999999356
2902,409.9356000000057
2903,1262.922399999998
2904,1090.3816000000124
2905,1473.639499999985
2906,-266.2008000000036
2907,4.030549999999942
2908,185.50329999999656
2909,370.0654000000037
2910,1228.6579000000004
2911,310.6927
2912,1586.7562999999795
2913,-525.2746999999905
2914,330.9497000000016
2915,1921.8822999999666
2916,497.16670000000886
2917,721.6465000000132
2918,-323.0898999999989
2919,-480.62999999999164
2920,-597.4302999999888
2921,-376.21759999999585
2922,52.65270000000089
2923,-438.9223999999931
2924,-80.46460000000035
2925,701.4428000000132
2926,-78.10750000000012
2927,267.3337999999966
2928,-577.5888999999894
2929,605.1182000000115
2930,-553.4278999999897
2931,1168.7385000000052
2932,-486.36909999999153
2933,-619.0893999999882
2934,-469.951699999992
2935,193.85419999999652
2936,-467.78974999999207
2937,895.8009000000151
2938,401.88130000000535
2939,-557.8429999999897
2940,245.379499999996
2941,1778.1147999999714
2942,220.4279999999961
2943,-51.040599999999344
2944,98.42109999999872
2945,230.26459999999616
2946,-613.9173999999884
2947,-425.71149999999363
2948,236.28649999999612
2949,-413.90359999999407
2950,-305.5285000000002
2951,-572.7969999999892
2952,-555.8408999999896
2953,-495.38506666665796
2954,126.01419999999773
2955,239.1419999999961
2956,-459.36829999999225
2957,-502.051699999991
2958,26.25710000000033
2959,-384.2755999999955
2960,-315.0377999999996
2961,1410.5723999999884
2962,-286.0598000000018
2963,-320.904299999999
2964,-444.69649999999285
2965,-578.4070999999892
2966,-253.91876666667054
2967,1566.9796999999803
2968,-435.44009999999327
2969,54.46480000000067
2970,-78.99900000000005
2971,-439.9262999999931
2972,-26.758299999999583
2973,325.24900000000105
2974,82.95829999999957
2975,-525.1539999999904
2976,-613.9084999999884
2977,78.49669999999963
2978,-504.179899999991
2979,299.42499999999956
2980,194.8090999999965
2981,-477.91229999999166
2982,-174.85370000000324
2983,148.17089999999723
2984,-398.7898066666613
2985,530.6158000000098
2986,-524.5317999999904
2987,-640.992149999988
2988,213.85619999999625
2989,418.8064000000062
2990,-444.9078999999929
2991,-259.9310000000038
2992,-492.2197999999913
2993,1145.8981000000072
2994,-409.6108999999942
2995,-531.4296999999902
2996,637.9414000000119
2997,-702.7817999999869
2998,-701.967099999987
2999,384.3454000000046
3000,-589.5431999999889
3001,1790.990199999971
3002,-107.3426000000015
3003,203.5836999999964
3004,52.97525000000085
3005,200.93909999999636
3006,-595.4460666666557
3007,218.43829999999625
3008,-443.5723999999929
3009,-420.134099999994
3010,-438.60244999999315
3011,378.8836000000042
3012,-448.4832999999927
3013,169.18559999999684
3014,905.7261000000153
3015,1807.28579999997
3016,-461.5916999999924
3017,782.4492000000141
3018,104.22419999999843
3019,377.16640000000416
3020,75.36240000000006
3021,-35.11079999999934
3022,-442.534299999993
3023,-474.8878333333252
3024,235.1733499999961
3025,101.53629999999865
3026,-151.47325000000285
3027,-5.090300000000096
3028,-408.11539999999434
3029,-526.6005999999903
3030,-666.735399999995
3031,145.5610999999974
3032,734.3260000000134
3033,471.96850000000813
3034,-627.4793999999882
3035,-622.2866499999883
3036,-187.99720000000343
3037,255.7004999999965
3038,412.1071000000058
3039,-626.6565999999882
3040,562.8097000000106
3041,-414.48539999999394
3042,-330.8696499999984
3043,-632.2071999999882
3044,60.071000000000595
3045,-379.7006999999956
3046,1004.8853000000161
3047,-570.7319999999893
3048,-7.037200000000136
3049,-285.76550000000185
3050,616.4498000000117
3051,-513.0958399999906
3052,521.7692000000095
3053,1151.2228000000064
3054,-442.7151499999929
3055,-429.08479999999344
3056,-224.63060000000377
3057,912.2249000000154
3058,1928.8165999999667
3059,-381.83839999999566
3060,376.29380000000435
3061,223.13784999999626
3062,-302.1667000000004
3063,-305.5388000000001
3064,-640.674099999989
3065,-348.20099999999735
3066,1503.9597999999835
3067,513.8140000000092
3068,-88.14230000000062
3069,-541.3691666666566
3070,-571.8407999999893
3071,1506.145299999983
3072,-608.8938999999885
3073,-278.07680000000255
3074,1594.419599999979
3075,8.267766666666583
3076,-282.77350000000223
3077,-197.0518000000035
3078,-188.76230000000345
3079,-364.3463999999964
3080,-233.60380000000396
3081,1490.4242999999838
3082,-164.45940000000306
3083,1633.930099999977
3084,562.8713000000106
3085,-642.3676999999878
3086,-369.12739999999616
3087,-194.1763333333369
3088,-551.0816499999897
3089,-563.6859999999895
3090,407.93280000000556
3091,-568.903766666656
3092,-563.7245333333228
3093,1236.17
3094,56.770950000000894
3095,916.1628000000153
3096,1280.340299999997
3097,171.98499999999675
3098,-291.1324000000014
3099,-651.6958333333212
3100,-345.4003666666642
3101,-67.02909999999919
3102,-702.8053999999869
3103,-194.7507000000035
3104,480.11720000000844
3105,-603.3130999999887
3106,204.13739999999638
3107,691.5249000000127
3108,407.0874000000057
3109,-492.72229999999126
3110,-615.3129166666552
3111,-258.60280000000364
3112,-558.2170999999896
3113,62.97420000000043
3114,291.84909999999866
3115,462.2932000000079
3116,162.50529999999696
3117,-523.3455999999904
3118,895.0146000000153
3119,-592.8458999999888
3120,-551.1166666666564
3121,-592.1985666666556
3122,-41.68389999999927
3123,933.6162000000153
3124,-462.9204999999923
3125,-196.60726666667045
3126,-340.56433333333115
3127,1190.3340000000035
3128,243.16189999999602
3129,-514.3937333333241
3130,1027.9808000000162
3131,-295.850400000001
3132,-645.0667333333213
3133,-520.7370999999906
3134,868.912800000015
3135,1167.9884000000054
3136,337.676700000002
3137,65.87080000000091
3138,-435.8095999999931
3139,-581.9442999999891
3140,-433.16989999999333
3141,-524.9941999999904
3142,-697.928199999987
3143,-216.99160000000376
3144,1532.4895999999821
3145,194.2957999999964
3146,-320.5396999999991
3147,-160.69685000000302
3148,-183.1245000000033
3149,-21.398599999999842
3150,1296.4994999999958
3151,-309.0093
3152,-432.54309999999333
3153,1293.3363999999954
3154,-555.5329999999897
3155,-503.922799999991
3156,-460.8215999999923
3157,220.4754999999962
3158,236.60019999999614
3159,285.331199999998
3160,-666.9114999999875
3161,546.21010000001
3162,-37.59079999999932
3163,172.94319999999684
3164,-345.59929999999747
3165,-490.8175249999913
3166,-264.7742000000038
3167,-204.53050000000366
3168,896.4145000000156
3169,707.4864000000132
3170,281.0595999999977
3171,-529.2077333333236
3172,-636.2034499999882
3173,-702.868299999987
3174,170.38119999999682
3175,40.6735000000008
3176,-315.82309999999944
3177,408.0033000000056
3178,-295.743000000001
3179,-702.874099999987
3180,-337.005099999998
3181,123.50016666666458
3182,-291.8974000000013
3183,-539.67459999999
3184,-242.706300000004
3185,-614.3096999999884
3186,-195.35440000000355
3187,758.3805000000137
3188,-646.2365999999879
3189,-349.16659999999735
3190,-529.3885999999903
3191,914.9801000000156
3192,490.72730000000865
3193,-290.8047000000014
3194,563.3468000000104
3195,-388.9284999999952
3196,526.6132000000096
3197,206.04239999999632
3198,57.48070000000096
3199,31.414600000000576
3200,-704.4914999999869
3201,-634.058999999988
3202,-471.35456666665857
3203,570.3712000000106
3204,707.8217000000129
3205,-417.01499999999396
3206,354.82430000000306
3207,111.68749999999815
3208,-635.992249999988
3209,-389.0937999999952
3210,-493.75999999999124
3211,-39.15019999999923
3212,-349.4462999999972
3213,-486.1097999999914
3214,-181.9976000000034
3215,-445.62299999999277
3216,-639.5481999999881
3217,-180.39160000000334
3218,-149.50630000000282
3219,-415.33579999999404
3220,-620.3363999999883
3221,-303.88410000000033
3222,436.4750000000069
3223,-94.21840000000101
3224,245.70884999999612
3225,55.79520000000067
3226,-574.1027999999893
3227,-201.47300000000362
3228,301.0328999999995
3229,1529.9652999999819
3230,-492.7430999999912
3231,-395.4116666666615
3232,1578.6265999999794
3233,-385.19289999999535
3234,-509.14609999999084
3235,-631.9102999999882
3236,-281.9962000000022
3237,382.9476000000046
3238,-197.82600000000357
3239,782.017400000014
3240,-246.63850000000403
3241,57.68490000000097
3242,-170.0143000000032
3243,186.7601999999966
3244,-613.7273999999885
3245,33.6639000000005
3246,567.7628000000107
3247,735.2847000000135
3248,-702.976199999987
3249,-140.24020000000263
3250,-250.245500000004
3251,73.5959999999999
3252,1609.5972999999783
3253,-585.1010499999891
3254,-623.0794499999881
3255,-640.972199999988
3256,429.2972000000066
3257,-371.0149999999961
3258,375.61970000000423
3259,599.7149500000114
3260,-120.89405000000212
3261,-61.36189999999971
3262,-68.33279999999937
3263,-468.286599999992
3264,-624.3587499999883
3265,-420.95149999999376
3266,264.12919999999644
3267,-129.3210000000024
3268,-491.9469999999912
3269,41.47790000000079
3270,251.4577999999962
3271,-360.46209999999667
3272,692.745350000013
3273,-617.2082999999884
3274,378.66050000000445
3275,412.7946000000059
3276,1090.5936000000122
3277,-650.4811333333212
3278,48.097500000000885
3279,-379.8613999999956
3280,-322.45909999999895
3281,-82.96340000000026
3282,-445.67699999999286
3283,342.47970000000225
3284,-337.08664999999814
3285,-334.74759999999816
3286,30.957300000000522
3287,-640.852749999988
3288,-490.0647999999913
3289,1620.1050999999775
3290,515.0384000000095
3291,-549.6031999999898
3292,65.14200000000052
3293,-490.4877999999914
3294,-600.8382999999887
3295,-40.255699999999315
3296,-386.74639999999533
3297,1288.9269999999958
3298,-374.2694999999959
3299,-478.63709999999173
3300,-474.1063999999918
3301,-82.55530000000032
3302,-289.7201000000015
3303,-393.482899999995
3304,-702.2350999999869
3305,355.95170000000314
3306,1084.9556000000127
3307,-453.66159999999263
3308,-621.3096999999882
3309,709.8081000000132
3310,860.094300000015
3311,-433.33964999999336
3312,79.20169999999996
3313,-386.4371999999953
3314,-665.9662999999891
3315,161.71439999999694
3316,277.5489499999975
3317,329.2259000000016
3318,-536.2759666666568
3319,494.7882000000087
3320,-175.9902000000033
3321,387.3172000000048
3322,-578.1094999999891
3323,-479.75524999999163
3324,76.64800000000007
3325,-342.3126999999976
3326,-587.1786666666557
3327,-424.5944999999936
3328,541.4270000000101
3329,214.39959999999638
3330,44.72400000000074
3331,-702.4546999999869
3332,676.6101000000125
3333,329.44560000000155
3334,-699.6067999999872
3335,-451.46319999999275
3336,253.18139999999607
3337,-495.38069999999124
3338,319.52850000000063
3339,171.9315499999968
3340,117.87399999999806
3341,229.10599999999613
3342,-451.0408999999927
3343,-407.4927333333278
3344,93.83779999999886
3345,1550.762333333314
3346,124.26329999999766
3347,292.9723999999987
3348,1004.5338000000162
3349,-371.34376666666276
3350,-411.0463999999944
3351,457.5018000000076
3352,14.537799999999976
3353,148.0511999999972
3354,-494.0241999999913
3355,-379.81114999999573
3356,400.61790000000536
3357,-439.11999999999307
3358,253.05599999999623
3359,125.46839999999801
3360,179.57889999999665
3361,-627.9530999999881
3362,-19.995799999999793
3363,467.32700000000784
3364,879.3275000000151
3365,-515.1531999999905
3366,966.1093000000159
3367,412.5392000000058
3368,-505.17889999999096
3369,1031.712700000016
3370,-328.82379999999864
3371,-454.13749999999254
3372,-637.9850666666547
3373,-27.90499999999967
3374,367.68660000000375
3375,-623.9547999999883
3376,-577.8556999999893
3377,-50.69869999999912
3378,617.8429000000117
3379,-365.0215999999964
3380,-133.91160000000247
3381,-524.3393999999904
3382,-480.4827999999917
3383,-702.8463999999869
3384,142.41519999999736
3385,-518.8601799999906
3386,109.41569999999828
3387,-327.0585999999987
3388,1079.3314000000132
3389,-108.85530000000173
3390,-537.1450999999901
3391,-493.2160999999913
3392,-541.1119999999901
3393,-543.99769999999
3394,-701.374999999987
3395,599.2614000000112
3396,-464.02859999999225
3397,-390.1453999999951
3398,-373.71979999999604
3399,794.2538000000142
3400,367.69560000000365
3401,660.4592000000124
3402,-493.9032999999912
3403,-595.6068999999892
3404,-449.0839666666594
3405,-699.604499999987
3406,115.21379999999836
3407,-581.636549999989
3408,-428.5574999999935
3409,178.69709999999674
3410,-390.57713999999515
3411,-7.09945000000012
3412,-75.64209999999984
3413,814.7264000000143
3414,-550.9273999999898
3415,652.3515000000122
3416,-168.95380000000318
3417,-617.3113499999884
3418,-507.85479999999086
3419,-426.55999999999347
3420,301.20089999999965
3421,-527.7545666666571
3422,732.4935000000135
3423,-53.63089999999907
3424,163.88059999999695
3425,1036.320900000016
3426,-58.78069999999917
3427,505.49160000000927
3428,271.665399999997
3429,-445.0729999999929
3430,622.4728000000115
3431,595.9146000000111
3432,-617.4126999999883
3433,-43.043999999999414
3434,-304.1719000000003
3435,475.4039000000081
3436,-4.70239999999948
3437,-242.53040000000397
3438,-358.3854999999966
3439,-550.5753999999898
3440,-225.19780000000378
3441,1166.910128571434
3442,1416.130299999988
3443,182.67059999999668
3444,230.20079999999612
3445,10.536999999999937
3446,-407.14233333332766
3447,142.04849999999738
3448,-375.6346999999958
3449,-597.5459799999888
3450,-582.7181999999891
3451,-633.2706333333215
3452,35.13890000000067
3453,-609.2399999999885
3454,-540.24649999999
3455,-504.68909999999096
3456,-402.27034999999455
3457,-334.96766666666474
3458,-677.5386999999873
3459,173.4294999999968
3460,438.12590000000694
3461,-52.744799999999074
3462,-363.4650999999964
3463,-619.6680999999884
3464,339.0250000000018
3465,713.440800000013
3466,-641.652149999988
3467,181.60419999999667
3468,-33.207399999999396
3469,-491.3425999999913
3470,-218.3907000000038
3471,402.0989000000055
3472,344.8994000000024
3473,-527.0687799999904
3474,-446.80799999999283
3475,-201.4806000000036
3476,-570.2423999999894
3477,-110.87600000000182
3478,260.00309999999615
3479,-547.3208999999899
3480,-548.4219333333231
3481,-702.2496999999869
3482,-177.19730000000314
3483,-162.40610000000308
3484,-290.85415000000137
3485,-273.4152000000029
3486,37.71630000000052
3487,-222.52280000000388
3488,655.0848000000124
3489,-485.4780999999915
3490,-651.5813999999879
3491,-5.196599999999711
3492,1162.9089000000056
3493,386.13030000000475
3494,851.4461000000149
3495,-472.6994999999919
3496,-459.40084999999243
3497,-400.4461666666614
3498,-550.0798999999897
3499,-83.64200000000025
3500,-270.2850000000034
3501,934.2764000000155
3502,-412.9777999999941
3503,472.17390000000796
3504,-493.2770999999913
3505,1020.2963000000161
3506,-454.4139999999925
3507,754.7552000000138
3508,-511.8412999999908
3509,-41.833799999999236
3510,-360.5952999999965
3511,604.7619000000113
3512,-472.46793333332516
3513,-555.7081999999898
3514,481.24760000000845
3515,-337.00039999999797
3516,-703.419499999987
3517,-587.4938666666555
3518,-328.58259999999865
3519,-545.4387333333232
3520,1217.8768000000011
3521,-108.77110000000157
3522,-451.3755999999926
3523,1029.8715000000163
3524,437.7770000000072
3525,-280.450466666669
3526,378.1311000000044
3527,996.8759285714447
3528,1457.7961999999857
3529,1551.4742999999808
3530,788.8152000000143
3531,-128.73550000000233
3532,1672.8080999999754
3533,-143.53910000000278
3534,-413.11559999999406
3535,668.4290000000125
3536,-369.0784999999961
3537,-509.2316333333241
3538,1119.5892000000097
3539,-611.5135999999885
3540,-602.9478999999886
3541,222.0061999999963
3542,-427.00969999999353
3543,288.4294999999985
3544,835.2743000000146
3545,-550.6361999999897
3546,-406.0934999999943
3547,152.0176666666638
3548,1004.7434000000161
3549,-391.74489999999525
3550,-439.78421666665974
3551,-28.464599999999592
3552,-704.5627999999867
3553,128.12909999999766
3554,1622.2869999999775
3555,-699.6602999999869
3556,612.7912000000115
3557,-209.22770000000364
3558,-485.03709999999154
3559,-618.3657666666551
3560,-506.1365999999909
3561,-15.133700000000065
3562,468.17660000000785
3563,202.07869999999633
3564,1214.0720000000015
3565,-281.6943000000022
3566,-43.799599999999195
3567,-246.94700000000398
3568,-702.288199999987
3569,342.5316000000024
3570,57.92450000000078
3571,8.669199999999918
3572,-514.2819999999907
3573,920.5471000000156
3574,463.8224000000082
3575,-379.4398166666624
3576,-603.5422999999887
3577,-429.12679999999347
3578,-423.14929999999356
3579,225.47339999999613
3580,6.397999999999916
3581,-355.5930999999969
3582,-334.11959999999806
3583,-410.93819999999425
3584,2117.7794999999614
3585,-551.0338666666564
3586,82.88629999999932
3587,-142.16820000000263
3588,-344.99059999999747
3589,-411.7138999999941
3590,-231.38270000000384
3591,-420.0343999999938
3592,176.86294999999672
3593,383.0665000000045
3594,-421.6026999999937
3595,-364.0334999999964
3596,1215.3426000000013
3597,708.2204000000131
3598,-13.410133333333306
3599,-588.2357999999889
3600,774.1345000000141
3601,-703.858099999987
3602,188.76789999999653
3603,-581.7166999999891
3604,-670.3179999999875
3605,-367.0595999999962
3606,-400.5251999999947
3607,542.53760000001
3608,-703.2278999999869
3609,319.34380000000084
3610,1244.5814999999993
3611,-254.7740000000039
3612,-458.6570249999924
3613,2.921999999999974
3614,-281.6572000000022
3615,-699.6715999999869
3616,-511.38269999999073
3617,-154.79050000000302
3618,-704.1578999999869
3619,-571.3836333333227
3620,-266.9697000000036
3621,290.48799999999864
3622,693.6630000000129
3623,253.21809999999596
3624,409.9611000000058
3625,-373.8799999999957
3626,427.76650000000666
3627,-557.8730499999896
3628,283.43714999999804
3629,1185.9148000000037
3630,-296.01220000000103
3631,-419.88359999999386
3632,386.09050000000445
3633,-13.080050000000195
3634,793.0236000000141
3635,-581.6973333333224
3636,472.3014000000079
3637,106.2736999999984
3638,-454.83304999999234
3639,-556.9595999999896
3640,419.6048000000061
3641,-583.9959999999891
3642,-192.67940000000354
3643,1199.2405000000028
3644,-610.2338999999886
3645,277.0012999999975
3646,-478.7675999999918
3647,-235.25100000000393
3648,442.76900000000717
3649,435.3038000000068
3650,-699.394999999987
3651,-697.4917999999869
3652,258.46639999999604
3653,-459.61109999999235
3654,-703.9470999999869
3655,-336.7508999999981
3656,915.4254000000153
3657,-172.17480000000324
3658,-559.1968499999896
3659,104.11229999999841
3660,-510.55833333332413
3661,-534.5417666666569
3662,-87.79190000000068
3663,209.48159999999638
3664,598.4653000000112
3665,-645.9229999999877
3666,-77.65479999999991
3667,230.71359999999612
3668,-448.05346666665935
3669,-309.5709
3670,547.3132000000098
3671,870.137700000015
3672,-389.2292999999951
3673,-590.8357999999888
3674,656.1181000000124
3675,-520.0868999999906
3676,395.06290000000513
3677,185.4476999999966
3678,561.5599000000104
3679,749.7932000000137
3680,-624.1222999999883
3681,-478.63979999999174
3682,-530.5096999999903
3683,-651.4453999999879
3684,-523.6609999999905
3685,299.50509999999935
3686,-290.0007000000015
3687,274.6982499999972
3688,-185.44530000000339
3689,879.0533000000148
3690,444.86310000000714
3691,-390.52469999999516
3692,1583.3054999999792
3693,-178.94070000000335
3694,-640.7520999999879
3695,-555.2683999999897
3696,-262.37880000000376
3697,198.41589999999647
3698,-704.2055999999868
3699,-329.8932999999985
3700,-409.2549999999943
3701,-702.3974999999871
3702,344.1000000000022
3703,-463.74819999999215
3704,2084.331699999962
3705,-496.5441666666578
3706,-310.15380000000005
3707,72.76360000000015
3708,-518.0846999999906
3709,401.8816000000054
3710,9.20409999999991
3711,190.37819999999658
3712,107.04149999999849
3713,-391.1530999999951
3714,268.1686499999967
3715,-546.0898999999899
3716,895.6547000000153
3717,-696.3509999999872
3718,511.06610000000927
3719,605.6062000000114
3720,-484.1532333333249
3721,412.18760000000566
3722,-310.7375999999998
3723,211.41496666666285
3724,832.7267000000147
3725,-84.99950000000055
3726,-327.5406999999986
3727,49.56250000000092
3728,-529.6989999999904
3729,385.00940000000463
3730,687.0431000000128
3731,-142.01950000000264
3732,671.5729000000125
3733,-411.1566999999942
3734,-244.794800000004
3735,-545.4515666666565
3736,36.8735000000006
3737,1472.2847999999851
3738,-233.55480000000384
3739,-588.7025499999888
3740,-259.4246000000041
3741,-104.79960000000153
3742,-538.9420999999901
3743,-408.5893999999942
3744,-460.50379999999234
3745,1387.9732999999899
3746,-534.5708999999902
3747,-704.5999999999868
3748,611.3480000000116
3749,1502.7876999999833
3750,-594.5194666666554
3751,-275.7004000000028
3752,612.0583000000114
3753,189.47979999999652
3754,178.81079999999682
3755,41.14395000000078
3756,-407.6400999999943
3757,617.6089000000115
3758,436.9939000000069
3759,-327.0113999999984
3760,-504.119199999991
3761,-636.4716166666547
3762,877.2455000000151
3763,-407.98214999999436
3764,585.8401000000111
3765,-239.42430000000394
3766,-343.1008999999976
3767,-450.39159999999276
3768,-59.75999999999929
3769,538.8181000000098
3770,-421.0003999999937
3771,-378.91029999999563
3772,-500.7794999999911
3773,-398.1811999999948
3774,713.8409285714417
3775,-489.3362999999914
3776,346.99410000000233
3777,-358.9756833333301
3778,-22.3738999999997
3779,-14.102500000000038
3780,-191.31640000000345
3781,434.5999000000068
3782,-57.2092999999991
3783,836.3886000000145
3784,-296.2006000000011
3785,-228.69040000000388
3786,638.677600000012
3787,-580.0367999999891
3788,-371.0772833333295
3789,-52.167099999999074
3790,1514.9374999999823
3791,190.9684999999965
3792,-389.6648999999951
3793,-357.47659999999684
3794,-245.43960000000396
3795,-398.25943999999475
3796,1068.509400000014
3797,-276.65440000000274
3798,-552.8605333333231
3799,-363.05169999999634
3800,1342.0900999999926
3801,-426.75499999999346
3802,-522.4512999999904
3803,-189.4269000000035
3804,41.21710000000074
3805,-473.69829999999195
3806,502.7329000000088
3807,81.09589999999967
3808,-188.3423000000034
3809,-411.1790999999942
3810,309.34020000000015
3811,-52.04669999999909
3812,449.7309000000074
3813,718.0367000000132
3814,1582.0882999999792
3815,-401.55069999999466
3816,-601.8376666666553
3817,109.60919999999828
3818,438.6994000000071
3819,71.8786000000003
3820,-544.8306999999899
3821,700.3707000000129
3822,-554.6600999999897
3823,-284.81580000000196
3824,-175.8500000000032
3825,1015.0732000000162
3826,-704.5566999999868
3827,-531.4010333333237
3828,-124.38730000000226
3829,-237.14655000000394
3830,-556.9520333333234
3831,12.316199999999839
3832,1040.9241000000159
3833,1133.6431000000082
3834,-86.70090000000066
3835,138.1214999999973
3836,-349.9471999999972
3837,-281.3175000000025
3838,-409.9514999999942
3839,-562.4579999999895
3840,167.2335999999969
3841,-573.5619999999893
3842,-613.8058999999885
3843,423.71430000000646
3844,-452.4251999999925
3845,-558.0492999999898
3846,467.57600000000787
3847,-633.0949166666547
3848,1622.7784999999774
3849,302.3232999999994
3850,-454.85679999999246
3851,410.6423000000058
3852,398.2848000000052
3853,-543.51739999999
3854,-682.244666666654
3855,-458.25009999999236
3856,536.1043000000097
3857,-680.1754999999873
3858,-401.1280999999947
3859,-242.59970000000402
3860,-287.03760000000176
3861,265.9709999999965
3862,542.1978000000098
3863,-293.3426000000012
3864,-403.6666999999946
3865,169.21049999999687
3866,305.8380999999997
3867,-434.9893999999933
3868,121.5087999999979
3869,-559.6400999999896
3870,1039.480700000016
3871,-346.42589999999734
3872,-282.3879000000021
3873,425.4360000000068
3874,-597.4172999999888
3875,-570.4725833333227
3876,-361.6189999999966
3877,159.01639999999696
3878,153.71569999999727
3879,663.8004000000124
3880,277.6073999999977
3881,-77.31490000000002
3882,-442.77399999999295
3883,-417.0003999999939
3884,-266.26660000000356
3885,-548.8023999999898
3886,-597.1037999999887
3887,-318.9165999999992
3888,-628.6159333333214
3889,-559.2441333333229
3890,1386.843333333323
3891,252.27419999999603
3892,-400.62039999999445
3893,-54.7197999999991
3894,-454.08399999999256
3895,-703.900599999987
3896,-537.3072999999902
3897,411.8601000000057
3898,-350.91849999999715
3899,274.36279999999726
3900,507.95270000000903
3901,-476.0373999999918
3902,33.75630000000059
3903,-517.9817999999907
3904,-680.1807333333206
3905,-420.59229999999377
3906,-702.3125999999869
3907,-57.61549999999935
3908,-131.97290000000254
3909,271.0639999999968
3910,-322.0173999999991
3911,-598.2391999999904
3912,-605.744733333322
3913,187.51089999999664
3914,428.8953000000065
3915,-451.0753999999926
3916,-582.5536666666557
3917,-657.8432666666545
3918,-541.0599999999902
3919,994.5083000000159
3920,118.73479999999795
3921,-495.2344999999912
3922,397.66320000000525
3923,-696.8783999999871
3924,-328.40049999999854
3925,801.4106000000141
3926,1405.1793999999886
3927,402.57000000000545
3928,730.6259000000134
3929,505.594000000009
3930,477.3158000000084
3931,-622.1230999999882
3932,218.61279999999633
3933,6.377100000000004
3934,-129.25130000000235
3935,-17.206999999999873
3936,303.9075999999997
3937,-519.7190999999906
3938,-623.1082333333216
3939,-265.1128000000036
3940,220.49396666666289
3941,925.2348000000154
3942,-436.50569999999317
3943,-563.4618999999896
3944,-35.9419999999993
3945,103.99459999999837
3946,-410.14419999999416
3947,-702.063199999987
3948,72.4622000000004
3949,397.18555000000526
3950,137.27049999999744
3951,-382.1695999999955
3952,-539.1636999999902
3953,211.24829999999625
3954,496.41890000000876
3955,-304.45550000000037
3956,265.18459999999646
3957,-560.8324999999895
3958,407.6079000000059
3959,-521.5517499999904
3960,577.6216666666776
3961,1445.0864999999862
3962,702.115400000013
3963,-701.188599999987
3964,-509.64609999999095
3965,1154.1891000000064
3966,-50.62749999999914
3967,240.0806999999961
3968,-301.4479000000005
3969,-296.58533333333423
3970,-168.73470000000322
3971,919.4570000000155
3972,1264.0692999999974
3973,-394.44299999999487
3974,-372.1459999999959
3975,221.11959999999627
3976,63.76210000000068
3977,1375.3876999999902
3978,-17.95829999999984
3979,-476.4538333333252
3980,-417.810599999994
3981,-349.8896999999971
3982,1160.039200000006
3983,1276.1397999999967
3984,1434.635899999987
3985,-382.0077999999954
3986,814.8512000000143
3987,728.0436000000134
3988,-521.9660999999904
3989,-618.5225666666549
3990,-392.6130999999951
3991,837.8587000000147
3992,-13.846000000000199
3993,403.36390000000546
3994,220.2380999999963
3995,488.9253000000085
3996,-222.31500000000383
3997,1627.9606999999771
3998,-78.3461
3999,-505.8800999999909
4000,-220.85713333333715
4001,191.65449999999646
4002,573.3458000000107
4003,-481.5451999999917
4004,-301.6454333333339
4005,-476.7713999999918
4006,-404.9108499999944
4007,-401.06776666666127
4008,-291.50080000000133
4009,709.8582000000131
4010,-323.3288999999989
4011,-564.4098999999894
4012,-642.0209666666545
4013,-519.1774999999905
4014,-460.9183999999923
4015,-395.2513999999949
4016,-116.9521000000019
4017,-88.05150000000079
4018,961.9326000000158
4019,-360.72504999999666
4020,267.70659999999657
4021,536.7840000000099
4022,781.553400000014
4023,802.9307000000143
4024,585.4488000000109
4025,-80.12230000000035
4026,33.736800000000535
4027,-583.8575333333225
4028,-420.5107499999937
4029,-456.2389999999924
4030,287.7590999999981
4031,-701.550099999987
4032,988.9971000000162
4033,-587.2156999999888
4034,-408.0124999999943
4035,-244.02375000000401
4036,-520.6822999999905
4037,-665.1681499999875
4038,327.50610000000137
4039,-518.2401999999906
4040,-381.3565999999955
4041,-221.2614000000038
4042,198.45819999999645
4043,-252.18053333333737
4044,393.84830000000505
4045,-243.778500000004
4046,-477.2110999999918
4047,-703.6041999999869
4048,814.8664000000142
4049,483.2949000000084
4050,267.27629999999664
4051,1138.249200000008
4052,-454.0854999999926
4053,-288.77810000000153
4054,-461.75666666665904
4055,-443.5834999999929
4056,-69.04769999999934
4057,1583.5556999999794
4058,500.7503000000091
4059,-59.86139999999906
4060,137.69789999999733
4061,398.673800000005
4062,615.2109000000115
4063,-299.0462000000007
4064,98.39709999999872
4065,-579.6487999999893
4066,-542.9685999999899
4067,-214.07240000000374
4068,250.88459999999608
4069,-11.950100000000068
4070,-555.3200999999897
4071,25.724600000000443
4072,196.54689999999647
4073,-568.5621999999893
4074,-565.5381999999894
4075,-124.84100000000217
4076,389.6513000000049
4077,-366.68079999999634
4078,-378.41854999999566
4079,-549.7531999999898
4080,-625.2457999999882
4081,-549.8830333333232
4082,-443.7008999999929
4083,1062.1121000000148
4084,-525.8459999999905
4085,-577.4263333333226
4086,230.67479999999614
4087,487.28130000000857
4088,-507.62549999999084
4089,575.2749000000107
4090,268.24839999999676
4091,-517.2667999999907
4092,154.15059999999713
4093,-413.33209999999406
4094,-571.5467999999893
4095,895.9503000000153
4096,172.2733999999969
4097,1507.4650999999826
4098,-396.7207999999948
4099,-664.0419666666542
4100,-67.96489999999932
4101,-58.381499999999484
4102,66.66160000000077
4103,-443.93044999999285
4104,246.6057999999961
4105,-303.5167000000004
4106,319.09160000000077
4107,564.9873000000105
4108,692.5482000000127
4109,-267.2918000000035
4110,-450.1037999999927
4111,-291.81440000000157
4112,1237.3621999999993
4113,-149.83300000000287
4114,1511.525399999983
4115,-39.090099999999254
4116,-465.34879999999214
4117,1048.2682000000161
4118,-314.43569999999966
4119,389.9260000000048
4120,574.5726000000108
4121,1883.3391999999671
4122,-645.3550666666546
4123,-313.51939999999956
4124,-383.9294999999954
4125,431.1481000000066
4126,365.64890000000366
4127,-387.16709999999523
4128,-598.2469999999887
4129,-317.6006999999992
4130,-390.68009999999515
4131,-352.69259999999707
4132,107.41309999999844
4133,-305.53190000000035
4134,942.2914000000158
4135,263.41909999999626
4136,-441.63589999999306
4137,-315.5073999999994
4138,1588.2458999999792
4139,-553.0163999999897
4140,312.7627000000005
4141,-360.3324999999966
4142,-343.656533333331
4143,258.9870999999962
4144,515.6159000000091
4145,331.6741000000017
4146,466.9273000000079
4147,336.319000000002
4148,611.0974000000112
4149,-49.51229999999929
4150,-421.19579999999377
4151,-493.2932999999913
4152,-549.6372999999899
4153,1292.2054999999957
4154,-472.3026999999919
4155,111.72509999999818
4156,61.437800000000664
4157,-616.9312333333216
4158,1353.9299999999917
4159,-535.0167999999901
4160,-452.5684999999926
4161,419.96220000000613
4162,355.330000000003
4163,32.60840000000055
4164,136.46739999999744
4165,1804.8388999999709
4166,-423.18369999999356
4167,147.6585999999972
4168,-599.3707999999887
4169,263.01969999999613
4170,416.0978000000061
4171,621.1456000000118
4172,499.6203000000088
4173,559.3685000000103
4174,417.133500000006
4175,-297.71280000000104
4176,-556.2584999999897
4177,673.3085000000126
4178,-298.18453333333406
4179,-104.8630000000015
4180,1062.8871000000147
4181,9.720799999999866
4182,-427.0058999999936
4183,-410.6008249999942
4184,-285.42730000000176
4185,1216.3185000000012
4186,1291.5729999999955
4187,517.5159000000095
4188,1192.3258000000035
4189,348.6213000000024
4190,109.99969999999823
4191,-529.5214999999905
4192,1808.6475999999705
4193,-482.74921666665824
4194,-480.85559999999157
4195,-288.15930000000156
4196,-586.769199999989
4197,438.1033000000069
4198,-293.34730000000127
4199,932.6661000000156
4200,268.9207999999967
4201,-277.2885000000026
4202,269.3431999999967
4203,-370.8028999999961
4204,-542.92839999999
4205,2038.746799999963
4206,1954.5233999999655
4207,834.9579000000147
4208,-465.05179999999234
4209,-704.4015999999868
4210,-632.697266666655
4211,-513.8074333333241
4212,275.1768999999971
4213,158.23029999999704
4214,40.36450000000035
4215,151.77786666666353
4216,124.4398999999978
4217,-578.7016666666559
4218,1046.3887000000157
4219,574.1137000000108
4220,-98.66460000000131
4221,61.089800000001006
4222,1742.0170999999725
4223,-703.125199999987
4224,-575.1244999999892
4225,1439.2357999999865
4226,670.2980000000124
4227,276.00559999999734
4228,-257.8030000000041
4229,-196.01820000000356
4230,-361.7896999999966
4231,532.5232000000096
4232,-298.6348000000006
4233,-258.7436000000039
4234,-293.3851000000012
4235,884.3343000000152
4236,-539.5015999999903
4237,-278.5375000000026
4238,562.4326000000104
4239,-447.60549999999284
4240,283.0525999999981
4241,-435.27576666666
4242,959.4010000000159
4243,208.54829999999637
4244,1157.715200000006
4245,-405.77694999999443
4246,-529.6141999999902
4247,1144.306600000007
4248,205.67929999999632
4249,-125.63170000000225
4250,-177.84520000000327
4251,379.8665000000043
4252,119.17879999999798
4253,-136.28680000000242
4254,-704.022499999987
4255,-301.92990000000054
4256,394.23100000000494
4257,418.5407000000061
4258,-703.1150999999869
4259,-414.1923999999941
4260,814.0687000000144
4261,-551.5302999999898
4262,-352.26679999999703
4263,366.8057000000035
4264,-230.9313000000039
4265,-623.8628999999881
4266,830.3586000000147
4267,-573.283566666656
4268,60.30440000000093
4269,767.829400000014
4270,533.3996000000097
4271,587.8680000000111
4272,195.69399999999646
4273,775.1400000000139
4274,251.646099999996
4275,267.46429999999646
4276,-167.46530000000288
4277,1009.6516000000162
4278,-390.622899999995
4279,-317.2835999999993
4280,1452.8798999999858
4281,-541.36939999999
4282,-402.3276999999946
4283,-696.621699999987
4284,-642.192699999988
4285,-429.4436999999933
4286,989.7782000000159
4287,957.5123000000158
4288,-634.933799999988
4289,-438.816999999993
4290,1084.229700000013
4291,11.966600000000067
4292,984.2933000000157
4293,334.42060000000185
4294,884.6605000000152
4295,-605.074233333322
4296,-485.48189999999147
4297,550.0946000000104
4298,579.9573000000108
4299,1192.803900000003
4300,396.78530000000484
4301,1263.5808999999977
4302,-430.6341999999933
4303,-387.39139999999526
4304,-302.4544000000004
4305,1085.4938000000127
4306,908.6478000000154
4307,-461.778216666659
4308,492.88400000000865
4309,844.9346000000147
4310,-439.04169999999306
4311,-164.3623000000031
4312,-18.96539999999994
4313,1283.548399999996
4314,1222.5894000000008
4315,-698.878999999987
4316,46.619200000000745
4317,-275.76490000000274
4318,283.83629999999806
4319,-332.2166999999983
4320,-537.96859999999
4321,630.259300000012
4322,-394.3324999999948
4323,278.0820999999974
4324,840.5918000000147
4325,-336.132099999998
4326,-453.1137999999925
4327,843.9220000000147
4328,606.7234000000113
4329,1177.7679000000041
4330,-494.4267999999912
4331,440.69590000000716
4332,-539.68559999999
4333,-575.8597999999893
4334,469.93990000000787
4335,-244.02375000000401
4336,-508.83089999999083
4337,431.52370000000656
4338,-215.10300000000365
4339,-416.46174999999414
4340,-468.6512999999921
4341,71.7376000000005
4342,-179.64570000000327
4343,77.19849999999992
4344,1588.8096999999793
4345,1308.2525999999948
4346,-461.7360999999922
4347,-411.70766666666066
4348,-572.3957999999893
4349,777.358200000014
4350,631.887100000012
4351,233.09119999999612
4352,1808.5506999999702
4353,-479.58186666665836
4354,-384.0965999999954
4355,240.27629999999613
4356,622.3111285714402
4357,310.5436000000001
4358,553.5936000000103
4359,-194.2512000000034
4360,-580.9138999999891
4361,993.5008000000159
4362,-435.03009999999324
4363,293.9649999999989
4364,358.06440000000305
4365,124.67499999999777
4366,581.3379000000109
4367,-55.75449999999906
4368,150.30189999999718
4369,-328.68889999999857
4370,942.4420000000158
4371,-232.89875000000387
4372,334.06750000000176
4373,-504.21599999999097
4374,240.99879999999612
4375,-610.0223999999886
4376,-702.030199999987
4377,-464.0699333333255
4378,482.8054000000082
4379,-181.46450000000337
4380,-387.9140999999952
4381,-511.2829999999907
4382,696.8090000000129
4383,-23.216099999999734
4384,299.9803999999991
4385,-699.9164999999871
4386,-267.3393000000036
4387,154.35339999999732
4388,405.10030000000546
4389,493.83030000000883
4390,-413.15079999999415
4391,-697.3241999999871
4392,48.86710000000065
4393,362.7564000000036
4394,86.63979999999931
4395,-70.76129999999952
4396,-9.271200000000125
4397,-582.4199666666557
4398,663.3449000000124
4399,-489.29499999999155
4400,-629.7562999999882
4401,-182.6707000000034
4402,1325.5211999999933
4403,-452.9935999999924
4404,-535.5670999999902
4405,1722.623599999974
4406,-6.769200000000102
4407,32.39200000000054
4408,-703.6225999999868
4409,-538.55429999999
4410,321.3716000000009
4411,1592.6663999999787
4412,103.31839999999863
4413,-521.2490999999904
4414,-702.290099999987
4415,1107.8681000000106
4416,-699.5449999999871
4417,-323.14449999999886
4418,-276.00250000000267
4419,-266.68500000000364
4420,-343.08419999999774
4421,1482.5953999999842
4422,-2.27310000000002
4423,-313.1759999999996
4424,233.02949999999606
4425,-275.05210000000284
4426,493.7749000000087
4427,422.6081000000064
4428,-484.9929999999916
4429,49.28870000000092
4430,209.417266666663
4431,1295.497799999995
4432,-339.1848999999978
4433,-609.2353999999884
4434,-507.8590666666575
4435,-559.3306166666563
4436,1965.1876999999654
4437,1331.3732999999932
4438,-541.48979999999
4439,198.01099999999644
4440,348.9526000000027
4441,-420.28979999999376
4442,-466.7075999999921
4443,-657.936733333321
4444,-618.0534666666551
4445,-540.60619999999
4446,-523.7198999999904
4447,-355.3156999999969
4448,-514.3932999999906
4449,-215.06690000000384
4450,610.9402000000114
4451,975.5354000000159
4452,-240.77710000000397
4453,-507.78606666665746
4454,-576.7321499999891
4455,-465.2990999999921
4456,956.3741000000158
4457,-582.1396999999893
4458,-252.89725000000402
4459,-443.8336666666596
4460,351.7791000000028
4461,-561.7542999999895
4462,-491.6470999999913
4463,73.97590000000018
4464,1097.3653000000118
4465,-224.7910000000038
4466,82.18689999999961
4467,271.0892999999968
4468,-535.9788999999902
4469,771.1593000000139
4470,487.28790000000845
4471,573.0752000000107
4472,-16.588599999999698
4473,44.45950000000078
4474,-688.710599999987
4475,-118.47030000000208
4476,-12.545900000000126
4477,-377.55519999999575
4478,443.01400000000723
4479,172.15459999999683
4480,482.9242000000084
4481,315.7343000000007
4482,-634.8097999999882
4483,-477.7153999999917
4484,210.56269999999637
4485,369.82350000000395
4486,-374.357799999996
4487,727.5629000000133
4488,614.0841000000115
4489,-583.5021333333224
4490,414.8205000000059
4491,-604.9515499999886
4492,316.9268000000005
4493,-703.249299999987
4494,668.9335000000126
4495,1639.3811999999768
4496,-566.8904333333227
4497,-544.4309333333232
4498,231.40599999999617
4499,-559.9252999999896
4500,-318.51219999999915
4501,-186.44110000000344
4502,487.0571000000083
4503,-607.1287999999886
4504,55.99740000000095
4505,-43.217399999999216
4506,-552.2175999999897
4507,498.1858000000087
4508,-460.0803999999924
4509,133.67069999999762
4510,259.7467333333299
4511,-630.7569166666548
4512,-407.4822499999944
4513,-644.1563999999879
4514,1133.1136000000083
4515,1338.9938999999927
4516,-336.4216999999981
4517,697.901000000013
4518,-632.0079499999881
4519,-636.7166999999879
4520,74.16340000000027
4521,1357.1157999999916
4522,-703.4429999999868
4523,-680.9473999999875
4524,-507.3653333333242
4525,375.9838000000042
4526,-621.5177999999885
4527,275.29919999999714
4528,292.79899999999856
4529,-650.3611999999878
4530,459.30720000000764
4531,227.6644999999963
4532,410.7679000000059
4533,1016.5961000000163
4534,605.4478000000114
4535,-496.82589999999107
4536,-330.16209999999853
4537,363.7602000000037
4538,-123.74140000000223
4539,-23.095999999999812
4540,271.35579999999686
4541,-471.4161999999918
4542,596.5214000000111
4543,81.75524999999998
4544,-139.47500000000258
4545,-447.33729999999275
4546,1419.7594999999878
4547,188.7221999999965
4548,-639.183999999988
4549,-426.78099999999347
4550,793.915500000014
4551,-453.1967666666592
4552,-321.906199999999
4553,134.6242999999976
4554,-499.7275666666577
4555,-241.7646000000037
4556,322.57100000000105
4557,-524.2841999999904
4558,40.20160000000073
4559,-624.2234999999882
4560,241.90459999999604
4561,-171.6143000000033
4562,-345.1370999999974
4563,-99.75800000000152
4564,556.3740000000104
4565,-426.97359999999355
4566,1570.8947999999796
4567,-472.81399999999184
4568,1211.1841000000018
4569,-255.9787000000039
4570,-627.3465999999883
4571,739.5685000000135
4572,-472.123899999992
4573,508.43115000000915
4574,-112.83950000000175
4575,-544.3032999999898
4576,-515.1291999999906
4577,-704.5999999999868
4578,-361.83879999999647
4579,1874.017699999968
4580,-494.5803999999913
4581,-40.533099999999195
4582,739.9861000000135
4583,-161.53120000000294
4584,435.9595000000066
4585,-49.66359999999917
4586,-223.80930000000384
4587,-567.4846333333228
4588,-30.371599999999567
4589,-618.4036999999882
4590,-572.394866666656
4591,-485.3546999999915
4592,-41.50399999999919
4593,-585.2516666666556
4594,-615.9483999999884
4595,-362.82929999999646
4596,-533.2509999999903
4597,223.46399999999613
4598,103.6805999999984
4599,-465.9050999999922
4600,534.3913000000097
4601,153.97009999999725
4602,-142.89390000000262
4603,319.1083500000009
4604,617.0838000000116
4605,1032.7163000000164
4606,-370.6046999999961
4607,-349.6644999999973
4608,873.0045000000149
4609,560.9579000000106
4610,-580.6309333333224
4611,903.9008000000155
4612,449.1715000000073
4613,-230.49380000000377
4614,156.2078999999972
4615,-133.8327000000026
4616,-349.88079999999724
4617,-600.5458999999888
4618,-281.14680000000226
4619,8.852199999999879
4620,185.63374999999664
4621,-497.47553333332445
4622,502.457900000009
4623,131.45469999999756
4624,-271.52940000000314
4625,533.6144000000099
4626,670.4003000000124
4627,502.33550000000895
4628,204.51829999999643
4629,522.4649000000093
4630,144.21854999999724
4631,-700.2152999999869
4632,816.3013000000146
4633,366.3428000000038
4634,-587.0888999999889
4635,673.5396000000126
4636,973.7513000000159
4637,49.884100000000366
4638,-607.7097999999885
4639,602.6979000000113
4640,1524.9996999999819
4641,429.0659000000067
4642,115.08789999999831
4643,346.6374000000025
4644,-301.26200000000057
4645,-172.95680000000323
4646,-638.1096666666548
4647,877.3400000000153
4648,-521.1809999999905
4649,59.61510000000085
4650,57.48000000000046
4651,-453.1561999999926
4652,512.5425000000092
4653,472.26595000000805
4654,590.3920285714398
4655,778.730900000014
4656,-408.1621999999942
4657,98.23759999999876
4658,1068.8595000000146
4659,-619.8951999999883
4660,-401.24909999999454
4661,-654.1424999999879
4662,281.19639999999777
4663,134.64079999999754
4664,-364.3432999999965
4665,-225.60460000000384
4666,-410.9374666666607
4667,-330.86249999999853
4668,255.10489999999632
4669,876.754900000015
4670,-508.73679999999086
4671,862.397600000015
4672,-338.17229999999796
4673,-436.01499999999317
4674,-335.50299999999817
4675,19.983699999999992
4676,867.421700000015
4677,155.86679999999706
4678,-312.5892999999997
4679,-502.0522999999911
4680,-566.5532999999893
4681,356.64210000000304
4682,-473.11539999999195
4683,-539.2204999999901
4684,161.04569999999694
4685,-468.21059999999204
4686,19.695200000000014
4687,-448.56139999999266
4688,-591.7690999999888
4689,-527.2328999999903
4690,-490.55789999999143
4691,-588.2330999999891
4692,-561.8242999999895
4693,54.46500000000087
4694,460.1091000000076
4695,404.7999000000056
4696,-704.0214999999869
4697,727.2619000000134
4698,918.7688000000155
4699,-703.1414999999869
4700,-432.11069999999336
4701,-416.21439999999404
4702,-263.588733333337
4703,53.48390000000069
4704,-350.86509999999714
4705,418.7608000000061
4706,-181.17440000000343
4707,998.390100000016
4708,326.4423000000013
4709,-704.2382999999868
4710,984.3835000000157
4711,249.38889999999597
4712,-698.425499999987
4713,-669.8764999999876
4714,768.6338000000138
4715,-637.6668833333214
4716,315.1199000000005
4717,-312.5638999999997
4718,-698.2365999999869
4719,-621.3756999999883
4720,-385.9534999999953
4721,-702.3783999999869
4722,336.2043000000019
4723,-506.679899999991
4724,1085.3349000000126
4725,-452.82579999999246
4726,-570.0107999999893
4727,-547.6039999999899
4728,305.2271999999997
4729,-353.0455999999971
4730,1821.4338999999698
4731,-588.693949999989
4732,1511.9596999999833
4733,-362.0251999999965
4734,-500.12229999999107
4735,960.2437000000157
4736,-538.2071999999899
4737,-512.7280999999906
4738,782.606800000014
4739,-526.1575999999902
4740,-220.31140000000383
4741,142.97576666666393
4742,1381.3067999999898
4743,-493.0582399999913
4744,314.9627000000005
4745,-231.58750000000387
4746,-203.06620000000362
4747,-642.3727999999879
4748,283.26469999999796
4749,-429.91736666666003
4750,996.2584000000159
4751,1427.1729999999875
4752,-255.77290000000403
4753,115.13364999999817
4754,-303.8240000000003
4755,-264.1732000000035
4756,787.6902000000142
4757,-420.1931999999938
4758,-81.19310000000021
4759,-344.18489999999775
4760,187.33329999999654
4761,-63.07779999999948
4762,386.92710000000466
4763,-578.4134999999892
4764,-682.4752666666539
4765,-184.05514000000338
4766,1115.3102000000101
4767,-447.26839999999277
4768,101.14019999999859
4769,-639.585799999988
4770,448.72380000000715
4771,122.0636999999978
4772,-31.974699999999388
4773,-597.8811999999888
4774,418.0704000000061
4775,287.28699999999833
4776,214.2604999999963
4777,-337.8223999999979
4778,-528.5985999999903
4779,601.3908000000115
4780,-459.79269999999235
4781,-641.057899999988
4782,-53.41959999999907
4783,-34.93709999999935
4784,91.79514999999913
4785,-622.3842666666549
4786,-435.8920999999932
4787,-412.1817399999942
4788,-56.984299999999436
4789,1175.610100000004
4790,-247.91960000000398
4791,-577.3428999999892
4792,222.0850285714248
4793,-268.08390000000344
4794,-54.47269999999909
4795,396.240600000005
4796,-492.63509999999144
4797,-148.51940000000272
4798,570.3574000000106
4799,-343.95759999999757
4800,-204.2903000000036
4801,-597.8538499999888
4802,-486.9259333333248
4803,248.29839999999598
4804,-691.9285999999871
4805,299.2541999999993
4806,1276.9567999999967
4807,502.19910000000925
4808,262.629599999996
4809,-605.4555999999885
4810,-517.1066999999905
4811,42.438150000000725
4812,38.947900000000715
4813,-448.04969999999264
4814,-19.359499999999848
4815,550.7922000000101
4816,-350.02963999999724
4817,475.91400000000823
4818,327.5901000000016
4819,301.08909999999923
4820,-456.62749999999244
4821,-703.586599999987
4822,-386.8983999999954
4823,-420.53939999999363
4824,-169.6921000000031
4825,-212.53870000000362
4826,-165.34895000000313
4827,-97.24590000000128
4828,456.82540000000745
4829,-358.09119999999666
4830,323.76460000000134
4831,783.6814000000142
4832,-417.8174999999939
